rn1qkbnr/ppp1pppp/8/8/2Pp2b1/8/PP1PPPBP/RNBQK1NR w KQkq - 0 4	A00	Grob Romford counter-gambit	6
rn1qkbnr/ppp2ppp/8/3p4/5p2/6PB/PPPPP2P/RNBQK2R w KQkq - 0 5	A00	Amar gambit	8
r1bqkbnr/pp1ppppp/2n5/8/7Q/2N5/PPP1PPPP/R1B1KBNR b KQkq - 2 4	A00	Novosibirsk opening	7
r1bqkb1r/ppp2ppp/2np1n2/4p3/2P5/1PN1P3/P2P1PPP/R1BQKBNR w KQkq - 1 5	A00	Amsterdam attack	8
rnbqk1nr/ppp2p1p/3b4/6p1/8/5N2/PPPPP1PP/RNBQKB1R w KQkq g6 0 5	A02	Bird From gambit, Lasker variation	8
rnbqk2r/ppp2ppp/3b3n/8/3P4/5N2/PPP1P1PP/RNBQKB1R b KQkq d3 0 5	A02	Bird From gambit, Lipke variation	9
rnbqkb1r/ppppp1pp/5n2/8/4pPP1/2N5/PPPP3P/R1BQKBNR b KQkq g3 0 4	A02	Bird's opening, Swiss gambit	7
rnbqkb1r/pp2pppp/5n2/2pp4/5P2/4PN2/PPPP2PP/RNBQKB1R w KQkq c6 0 4	A03	Bird's opening Lasker variation	6
rn1qkb1r/pp2pppp/2p2n2/3p4/6b1/5NP1/PPPPPPBP/RNBQ1RK1 w kq - 2 5	A07	Reti King's Indian attack, Yugoslav variation	8
r2qkbnr/pppnpppp/8/3p4/6b1/5NP1/PPPPPPBP/RNBQK2R w KQkq - 3 4	A07	Reti King's Indian attack, Keres variation	6
rnbqk2r/ppp1npbp/6p1/3pp3/8/3P1NP1/PPP1PPBP/RNBQ1RK1 w kq - 1 6	A07	Reti King's Indian attack, Pachman system	10
r1bq1rk1/pp2bppp/2n1pn2/2pp4/4P3/3P1NP1/PPPN1PBP/R1BQR1K1 b - - 2 8	A08	Reti King's Indian attack, French variation	15
rn1qkbnr/ppp1pppp/4b3/8/2p5/4PN2/PP1P1PPP/RNBQKB1R w KQkq - 1 4	A09	Reti accepted Keres variation	6
rn1qkb1r/pp2pppp/2p2n2/3p4/2P3b1/1P3NP1/P2PPP1P/RNBQKB1R w KQkq - 1 5	A12	English Torre defensive system	8
rn1qkb1r/pp2pppp/2p2n2/3p1b2/2P5/1P3NP1/P2PPP1P/RNBQKB1R w KQkq - 1 5	A12	English London defensive system	8
rnbqkb1r/pp2pppp/2p2n2/3p4/2P5/1P3N2/PB1PPPPP/RN1QKB1R b KQkq - 2 4	A12	English Caro-Kann defensive system	7
rnbqkb1r/pp2pp1p/2p2np1/3p4/2P5/1P3N2/PB1PPPPP/RN1QKB1R w KQkq - 0 5	A12	English Bled variation	8
rn1qkb1r/pp2pppp/2p2n2/3p1b2/2P5/1P3N2/PB1PPPPP/RN1QKB1R w KQkq - 3 5	A12	English New York (London) defensive system	8
rn1qkb1r/pp2pppp/2p2n2/3p4/2P3b1/1P3N2/PB1PPPPP/RN1QKB1R w KQkq - 3 5	A12	English Capablanca's variation	8
rn1qkbnr/pp2pppp/2p5/3p4/2P3b1/1P3N2/P2PPPPP/RNBQKB1R w KQkq - 1 4	A12	English Caro-Kann defensive system, Bogolyubov variation	6
rnbqkb1r/2pp1ppp/p3pn2/1p6/2P5/5NP1/PP1PPPBP/RNBQK2R w KQkq b6 0 5	A13	English Romanishin gambit	8
rnbqkb1r/pp3ppp/4pn2/2pp4/2P5/1P2PN2/PB1P1PPP/RN1QKB1R b KQkq - 0 5	A13	English Wimpey system	9
rnbqkbnr/pp3ppp/2p1p3/3p4/2P5/5NP1/PP1PPP1P/RNBQKB1R w KQkq - 0 4	A13	English Kurajica defence	6
rnbqkb1r/ppp2ppp/4pn2/3p4/2P5/5NP1/PP1PPP1P/RNBQKB1R w KQkq - 1 4	A13	English Neo-Catalan	6
rnbqkb1r/ppp2ppp/4pn2/8/2p5/5NP1/PP1PPPBP/RNBQK2R w KQkq - 0 5	A13	English Neo-Catalan accepted	8
rnbqk2r/ppp1bppp/4pn2/3p4/2P5/5NP1/PP1PPPBP/RNBQ1RK1 b kq - 4 5	A14	English Neo-Catalan declined	9
r1bqk2r/pp2bppp/2n1p3/2pn4/8/2N2NP1/PP1PPPBP/R1BQ1RK1 w kq - 2 8	A14	English Symmetrical, Keres defence	14
rnbqkb1r/ppp1pp1p/6p1/8/8/2n3P1/PP1PPPBP/R1BQK1NR w KQkq - 0 6	A16	English Anglo-Gruenfeld, Smyslov defense	10
rnbqkb1r/ppp1pp1p/1n4p1/8/8/2N3P1/PP1PPPBP/R1BQK1NR w KQkq - 2 6	A16	English Anglo-Gruenfeld, Czech defense	10
rnbqkb1r/ppp1pppp/8/3n4/8/2N2N2/PP1PPPPP/R1BQKB1R b KQkq - 1 4	A16	English Anglo-Gruenfeld defense	7
rnbqk2r/ppp2pbp/6p1/3np3/8/2N2NP1/PP1PPPBP/R1BQK2R w KQkq e6 0 7	A16	English Anglo-Gruenfeld defense, Korchnoi variation	12
rnbqkb1r/p1pp1ppp/1p2pn2/8/2P5/2N2N2/PP1PPPPP/R1BQKB1R w KQkq - 0 4	A17	English Queens Indian formation	6
rn1qkb1r/pbpp1ppp/1p2pn2/8/2P1P3/2NB1N2/PP1P1PPP/R1BQK2R b KQkq - 2 5	A17	English Queens Indian, Romanishin variation	9
rnbqk2r/pppp1ppp/4pn2/8/1bP5/2N2N2/PP1PPPPP/R1BQKB1R w KQkq - 2 4	A17	English Nimzo-English opening	6
rnbqkb1r/ppp2ppp/4pn2/3pP3/2P5/2N5/PP1P1PPP/R1BQKBNR b KQkq - 0 4	A18	English Mikenas-Carls, Flohr variation	7
r1bqkb1r/pppp1ppp/2n1pn2/8/2P1P3/2N5/PP1P1PPP/R1BQKBNR w KQkq - 1 4	A18	English Mikenas-Carls, Kevitz variation	6
rnbqkb1r/pp1p1ppp/4pn2/2p5/2P1P3/2N5/PP1P1PPP/R1BQKBNR w KQkq c6 0 4	A19	English Mikenas-Carls, Sicilian variation	6
r2qkbnr/ppp2ppp/2npb3/4p3/2P5/2N3P1/PP1PPPBP/R1BQK1NR w KQkq - 3 5	A21	English, Troeger defence	8
rnbqkbnr/pp3ppp/2pp4/4p3/2P5/2N3P1/PP1PPP1P/R1BQKBNR w KQkq - 0 4	A21	English, Keres variation	6
rn1qkbnr/ppp2ppp/3p4/4p3/2P3b1/2N2N2/PP1PPPPP/R1BQKB1R w KQkq - 2 4	A21	English, Smyslov defence	6
rnbqkb1r/p1pp1ppp/5n2/1p4N1/2P1p3/2N5/PP1PPPPP/R1BQKB1R w KQkq b6 0 5	A22	English Bellon gambit	8
rnbqkb1r/ppp2ppp/5n2/3pp3/2P5/2N3P1/PP1PPP1P/R1BQKBNR w KQkq d6 0 4	A22	English Bremen, reverse dragon	6
rnbqk2r/pppp1ppp/5n2/4p3/1bP5/2N3P1/PP1PPP1P/R1BQKBNR w KQkq - 1 4	A22	English Bremen, Smyslov system	6
rnbqkb1r/pp1p1ppp/2p2n2/4p3/2P5/2N3P1/PP1PPP1P/R1BQKBNR w KQkq - 0 4	A23	English Bremen system, Keres variation	6
rnbqkb1r/pppp1p1p/5np1/4p3/2P5/2N3P1/PP1PPP1P/R1BQKBNR w KQkq - 0 4	A24	English Bremen system with ...g6	6
r1bqk1nr/pppp1pbp/2n3p1/4p3/2P5/2N3P1/PP1PPPBP/R1BQK1NR w KQkq - 2 5	A25	English closed system	8
r1bqk2r/ppp2pbp/2np2pn/4p3/2P5/2N1P1P1/PP1PNPBP/R1BQK2R w KQkq - 2 7	A25	English closed, Taimanov variation	12
r2qk1nr/ppp2pbp/2npb1p1/4p3/2P5/2N1P1P1/PP1PNPBP/R1BQK2R w KQkq - 2 7	A25	English closed, Hort variation	12
r1bqk1nr/pppp1pbp/2n3p1/4p3/2P5/2N3P1/PP1PPPBP/1RBQK1NR b Kkq - 3 5	A25	English closed, 5.Rb1	9
r1bqk2r/pppp1pbp/2n3pn/4p3/2P5/2N3P1/PP1PPPBP/1RBQK1NR w Kkq - 4 6	A25	English closed, 5.Rb1 Taimanov variation	10
r1bqk1nr/pppp1pbp/2n3p1/4p3/2P5/2NP2P1/PP2PPBP/R1BQK1NR b KQkq - 0 5	A25	English closed system (without ...d6)	9
r1bqk1nr/ppp2pbp/2np2p1/4p3/2P5/2NP2P1/PP2PPBP/R1BQK1NR w KQkq - 0 6	A26	English closed system	10
r1bqk1nr/ppp2pbp/2np2p1/4p3/2P1P3/2NP2P1/PP3PBP/R1BQK1NR b KQkq e3 0 6	A26	English Botvinnik system	11
r1bqkb1r/pppp1ppp/2n2n2/4p3/2P5/2N2N2/PP1PPPPP/R1BQKB1R w KQkq - 4 4	A28	English four knights system	6
r1bqk2r/pppp1pp1/5n1p/4n3/2PN3B/2P5/P3PPPP/R2QKB1R w KQkq - 1 9	A28	English Nenarokov variation	16
r1bqkb1r/pppp1ppp/2n2n2/8/2PPp3/2N2N2/PP2PPPP/R1BQKB1R w KQkq - 0 5	A28	English Bradley Beach variation	8
r1bqkb1r/pppp1ppp/2n2n2/4p3/2P1P3/2N2N2/PP1P1PPP/R1BQKB1R b KQkq e3 0 4	A28	English four knights, Nimzovich variation	7
r1bqkb1r/pppp1ppp/2n2n2/4p3/2P5/P1N2N2/1P1PPPPP/R1BQKB1R b KQkq - 0 4	A28	English four knights, Marini variation	7
r1bqkb1r/pppp1ppp/2n2n2/4p3/2P5/2NP1N2/PP2PPPP/R1BQKB1R b KQkq - 0 4	A28	English four knights, Capablanca variation	7
r1bqkb1r/pppp1ppp/2n2n2/4p3/2P5/2N1PN2/PP1P1PPP/R1BQKB1R b KQkq - 0 4	A28	English four knights, 4.e3	7
r1bqr1k1/pppp1ppp/2n2n2/3NpQ2/1bP5/4PN2/PP1P1PPP/R1B1KB1R b KQ - 6 7	A28	English four knights, Stean variation	13
r1bqk2r/pppp1ppp/2n2n2/4p3/2P5/2b1PN2/PPQP1PPP/R1B1KB1R w KQkq - 0 6	A28	English four knights, Romanishin variation	10
r1bqkb1r/pppp1ppp/2n2n2/4p3/2P5/2N2NP1/PP1PPP1P/R1BQKB1R b KQkq - 0 4	A29	English four knights, kingside fianchetto	7
rn1qk2r/pb1pbppp/1p2pn2/2p5/2P5/2N2NP1/PP1PPPBP/R1BQ1RK1 w kq - 2 7	A30	English symmetrical, hedgehog system	12
rnbqkb1r/pp1p1ppp/4pn2/8/2PN4/8/PP2PPPP/RNBQKB1R w KQkq - 0 5	A32	English symmetrical variation	8
r1bqkb1r/pp1p1ppp/2n1pn2/8/2PN4/2N5/PP2PPPP/R1BQKB1R w KQkq - 2 6	A33	English symmetrical variation	10
r1b1kb1r/pp1p1ppp/1qn1pn2/8/2PN4/2N3P1/PP2PP1P/R1BQKB1R w KQkq - 1 7	A33	English symmetrical, Geller variation	12
rnbqkb1r/pp2pppp/8/2pn4/8/2N2N2/PP1PPPPP/R1BQKB1R w KQkq - 0 5	A34	English symmetrical, three knights system	8
rnbqkb1r/ppn1pppp/8/2p5/8/2N3P1/PP1PPPBP/R1BQK1NR w KQkq - 2 6	A34	English symmetrical, Rubinstein system	10
r1bqkb1r/pp1ppppp/2n2n2/2p5/2P5/2N2N2/PP1PPPPP/R1BQKB1R w KQkq - 4 4	A35	English symmetrical, four knights system	6
r1bqk1nr/pp1pppbp/2n3p1/2p5/2P5/2N3P1/PP1PPPBP/R1BQK1NR w KQkq - 2 5	A36	English ultra-symmetrical variation	8
r1bqk1nr/pp1p1pbp/2n3p1/2p1p3/2P5/2N1P1P1/PP1P1PBP/R1BQK1NR w KQkq e6 0 6	A36	English symmetrical, Botvinnik system reversed	10
r1bqk1nr/pp1pppbp/2n3p1/2p5/2P1P3/2N3P1/PP1P1PBP/R1BQK1NR b KQkq e3 0 5	A36	English symmetrical, Botvinnik system	9
r1bqk1nr/pp1pppbp/2n3p1/2p5/2P5/2N2NP1/PP1PPPBP/R1BQK2R b KQkq - 3 5	A37	English symmetrical variation	9
r1bqk1nr/pp1p1pbp/2n3p1/2p1p3/2P5/2N2NP1/PP1PPPBP/R1BQK2R w KQkq e6 0 6	A37	English symmetrical, Botvinnik system reversed	10
r1bqk2r/pp1pppbp/2n2np1/2p5/2P5/2N2NP1/PP1PPPBP/R1BQK2R w KQkq - 4 6	A38	English symmetrical variation	10
r1bq1rk1/pp1pppbp/2n2np1/2p5/2P5/2NP1NP1/PP2PPBP/R1BQ1RK1 b - - 0 7	A38	English symmetrical, main line with d3	13
r1bq1rk1/pp1pppbp/2n2np1/2p5/2P5/1PN2NP1/P2PPPBP/R1BQ1RK1 b - - 0 7	A38	English symmetrical, main line with b3	13
r1bq1rk1/pp1pppbp/2n2np1/2p5/2PP4/2N2NP1/PP2PPBP/R1BQ1RK1 b - d3 0 7	A39	English symmetrical, main line with d4	13
r1b1kb1r/ppppq1pp/2n2n2/3Q4/8/5N2/PPP1PPPP/RNB1KB1R w KQkq - 0 6	A40	Queen's pawn Englund gambit	10
rnbqk1nr/pp1pp2p/6p1/2pP1p2/2P5/2P5/P3PPPP/R1BQKBNR w KQkq f6 0 6	A40	Beefeater defence	10
rnbqk1nr/ppp1ppbp/3p2p1/8/2PP4/2N5/PP2PPPP/R1BQKBNR w KQkq - 2 4	A41	Modern defence	6
rn1qk1nr/ppp1ppbp/3p2p1/8/2PPP1b1/5N2/PP3PPP/RNBQKB1R w KQkq - 1 5	A41	Robatsch defence Rossolimo variation	8
rnbqk1nr/ppp1ppbp/3p2p1/8/2PPP3/2N5/PP3PPP/R1BQKBNR b KQkq e3 0 4	A42	Modern defence Averbakh system	7
rnb1k1nr/pp2ppbp/3p2p1/q1p5/2PPP3/2N2N2/PP3PPP/R1BQKB1R w KQkq - 2 6	A42	Pterodactyl defence	10
rnbqk1nr/ppp1p1bp/3p2p1/5p2/2PPP3/2N5/PP3PPP/R1BQKBNR w KQkq f6 0 5	A42	Modern defence Averbakh system, Randspringer variation	8
r1bqk1nr/ppp1ppbp/2np2p1/8/2PPP3/2N5/PP3PPP/R1BQKBNR w KQkq - 1 5	A42	Modern defence Averbakh system, Kotov variation	8
rnb1kb1r/pp1ppppp/5n2/q1pP4/8/2N5/PPP1PPPP/R1BQKBNR w KQkq - 3 4	A43	Woozle defence	6
rnbqkb1r/pp1ppppp/5n2/3P4/2p5/5N2/PPP1PPPP/RNBQKB1R w KQkq - 0 4	A43	Hawk (Habichd) defence	6
rnbqkbnr/pp2pp1p/3p2p1/2pP4/8/2N5/PPP1PPPP/R1BQKBNR w KQkq - 0 4	A43	Old Benoni Schmid's system	6
rnbqkbnr/pp3ppp/3p4/2pPp3/4P3/8/PPP2PPP/RNBQKBNR w KQkq - 0 4	A44	Semi-Benoni (`blockade variation')	6
rnbqkb1r/pp1p1ppp/4pn2/2p3B1/3PP3/5N2/PPP2PPP/RN1QKB1R b KQkq e3 0 4	A46	Queen's pawn Torre attack, Wagner gambit	7
rn1qkb1r/pb1ppppp/1p3n2/2p5/3P4/5NP1/PPP1PPBP/RNBQK2R w KQkq c6 0 5	A47	Queen's Indian Marienbad system	8
rn1qkb1r/pb1ppppp/1p3n2/8/2PQ4/5NP1/PP2PPBP/RNB1K2R b KQkq - 0 6	A47	Queen's Indian Marienbad system, Berg variation	11
rnbqkb1r/pppp1ppp/8/4P3/2P1n3/8/PP2PPPP/RNBQKBNR w KQkq - 1 4	A51	Budapest Fajarowicz variation	6
rnbqkb1r/pppp1ppp/8/4P3/2P1n3/8/PPQ1PPPP/RNB1KBNR b KQkq - 2 4	A51	Budapest Fajarowicz, Steiner variation	7
rnbqkb1r/pppp1ppp/8/4P3/2P3n1/8/PP2PPPP/RNBQKBNR w KQkq - 1 4	A52	Budapest defence	6
rnbqkb1r/pppp1ppp/8/4P3/2P3n1/5N2/PP2PPPP/RNBQKB1R b KQkq - 2 4	A52	Budapest Adler variation	7
rnbqkb1r/pppp1ppp/8/4P3/2P2Bn1/8/PP2PPPP/RN1QKBNR b KQkq - 2 4	A52	Budapest Rubinstein variation	7
rnbqkb1r/pppp1ppp/8/4P3/2P1P1n1/8/PP3PPP/RNBQKBNR b KQkq e3 0 4	A52	Budapest Alekhine variation	7
rnbqkb1r/pppp1ppp/2n5/8/2P1PP2/8/PP4PP/RNBQKBNR w KQkq - 1 6	A52	Budapest Alekhine, Abonyi variation	10
rnbqkb1r/ppp2ppp/3p4/4P3/2P1P1n1/8/PP3PPP/RNBQKBNR w KQkq - 0 5	A52	Budapest Alekhine variation, Balogh gambit	8
rn1qkb1r/ppp1pppp/3p1n2/5b2/2PP4/2N5/PP2PPPP/R1BQKBNR w KQkq - 2 4	A53	Old Indian Janowski variation	6
rnbqkb1r/ppp2ppp/3p1n2/4p3/2PP4/2N5/PP2PPPP/R1BQKBNR w KQkq e6 0 4	A54	Old Indian Ukrainian variation	6
r1bqkb1r/pppn1ppp/3p1n2/4p3/2PP4/2NBP3/PP3PPP/R1BQK1NR b KQkq - 2 5	A54	Old Indian Dus-Khotimirsky variation	9
rnbqkb1r/ppp2ppp/3p1n2/4p3/2PP4/2N2N2/PP2PPPP/R1BQKB1R b KQkq - 1 4	A54	Old Indian Ukrainian variation, 4.Nf3	7
r1bqkb1r/pppn1ppp/3p1n2/4p3/2PPP3/2N2N2/PP3PPP/R1BQKB1R b KQkq e3 0 5	A55	Old Indian main line	9
rnbqkb1r/pp2pppp/3p1n2/2pP4/2P5/8/PP2PPPP/RNBQKBNR w KQkq - 0 4	A56	Benoni defence, Hromodka system	6
rnbqkb1r/pp1ppppp/8/2pP4/2P1n3/8/PP2PPPP/RNBQKBNR w KQkq - 1 4	A56	Vulture defence	6
rnbqkb1r/pp1p1ppp/5n2/2pPp3/2P5/8/PP2PPPP/RNBQKBNR w KQkq e6 0 4	A56	Czech Benoni defence	6
rnbqkb1r/pp3p1p/3p1np1/2pPp3/2P1P3/2N5/PP3PPP/R1BQKBNR w KQkq - 0 6	A56	Czech Benoni King's Indian system	10
rnbqkb1r/p2ppppp/5n2/1ppP4/2P5/8/PP2PPPP/RNBQKBNR w KQkq b6 0 4	A57	Benko gambit	6
rnbqkb1r/3ppppp/p4n2/1PpP4/8/8/PP2PPPP/RNBQKBNR w KQkq - 0 5	A57	Benko gambit half accepted	8
rnbqkb1r/3ppppp/p4n2/1PpP4/8/2N5/PP2PPPP/R1BQKBNR b KQkq - 1 5	A57	Benko gambit Zaitsev system	9
rnbqkb1r/4pppp/3p1n2/1NpP4/1pB1P3/8/PP3PPP/R1BQK1NR b KQkq - 1 8	A57	Benko gambit Nescafe Frappe attack	15
rnbqkb1r/3ppppp/P4n2/2pP4/8/8/PP2PPPP/RNBQKBNR b KQkq - 0 5	A58	Benko gambit accepted	9
rn1qkb1r/4pp1p/b2p1np1/2pP4/8/2N5/PP1NPPPP/R1BQKB1R b KQkq - 1 8	A58	Benko gambit Nd2 variation	15
rn1qkb1r/4pp1p/b2p1np1/2pP4/8/2N2NP1/PP2PP1P/R1BQKB1R b KQkq - 0 8	A58	Benko gambit fianchetto variation	15
rn1qkb1r/4pppp/b2p1n2/2pP4/4P3/2N5/PP3PPP/R1BQKBNR b KQkq e3 0 7	A59	Benko gambit 7.e4	13
rnbqkb1r/pp1p1ppp/4pn2/2pP4/2P5/8/PP2PPPP/RNBQKBNR w KQkq - 0 4	A60	Benoni defence	6
rnbqkb1r/pp3p1p/3p1np1/2pP4/8/2N2N2/PP2PPPP/R1BQKB1R w KQkq - 0 7	A61	Benoni defence	12
rnbqkb1r/pp3p1p/3p1np1/2pP2B1/8/2N2N2/PP2PPPP/R2QKB1R b KQkq - 1 7	A61	Benoni Uhlmann variation	13
rnbqkb1r/pp3p1p/3p1np1/2pP4/8/2N5/PP1NPPPP/R1BQKB1R b KQkq - 1 7	A61	Benoni Nimzovich (knight's tour) variation	13
rnbqkb1r/pp3p1p/3p1np1/2pP4/8/2N2NP1/PP2PP1P/R1BQKB1R b KQkq - 0 7	A61	Benoni fianchetto variation	13
rnbq1rk1/pp3pbp/3p1np1/2pP4/8/2N2NP1/PP2PPBP/R1BQK2R w KQ - 3 9	A62	Benoni fianchetto variation	16
rnbqkb1r/pp3ppp/3p1n2/2pP4/4P3/2N5/PP3PPP/R1BQKBNR b KQkq e3 0 6	A65	Benoni 6.e4	11
rnbqkb1r/pp3p1p/3p1np1/2pP4/4PP2/2N5/PP4PP/R1BQKBNR b KQkq f3 0 7	A66	Benoni pawn storm variation	13
rnbqk2r/pp3pbp/3p1np1/2pPP3/5P2/2N5/PP4PP/R1BQKBNR b KQkq - 0 8	A66	Benoni Mikenas variation	15
rnbqk2r/pp3pbp/3p1np1/1BpP4/4PP2/2N5/PP4PP/R1BQK1NR b KQkq - 2 8	A67	Benoni Taimanov variation	15
rnbq1rk1/pp3pbp/3p1np1/2pP4/4PP2/2N2N2/PP4PP/R1BQKB1R w KQ - 3 9	A68	Benoni four pawns attack	16
rnbqkb1r/pp3p1p/3p1np1/2pP4/4P3/2N2N2/PP3PPP/R1BQKB1R b KQkq - 1 7	A70	Benoni classical with e4 and Nf3	13
rnbqk2r/pp3pbp/3p1np1/2pP4/4P3/2N2N2/PP2BPPP/R1BQK2R b KQkq - 3 8	A70	Benoni classical without 9.O-O	15
rnbqk2r/pp3pbp/3p1np1/2pP2B1/4P3/2N2N2/PP3PPP/R2QKB1R b KQkq - 3 8	A71	Benoni classical, 8.Bg5	15
rnbq1rk1/pp3pbp/3p1np1/2pP4/4P3/2N2N2/PP2BPPP/R1BQK2R w KQ - 4 9	A72	Benoni classical without 9.O-O	16
rnbqkb1r/pppp2pp/4pn2/5p2/3P4/6PN/PPP1PPBP/RNBQK2R b KQkq - 1 4	A81	Dutch defence, Blackburne variation	7
rnbqkb1r/ppppp2p/5np1/5p2/3P4/6P1/PPP1PPBP/RNBQK1NR w KQkq - 0 4	A81	Dutch defence	6
rnbqk2r/pp1pp1bp/2p3pn/5p2/3P4/5NP1/PPP1PPBP/RNBQ1RK1 w kq - 2 6	A81	Dutch Leningrad, Basman system	10
rnbqk1nr/ppppp1bp/6p1/5p2/3P4/6PN/PPP1PPBP/RNBQK2R b KQkq - 3 4	A81	Dutch Leningrad, Karlsbad variation	7
rnbqkb1r/ppppp1pp/5n2/8/3Pp1P1/2N5/PPP2P1P/R1BQKBNR b KQkq g3 0 4	A82	Dutch Staunton gambit, Tartakower variation	7
rnbqkb1r/ppppp1pp/5n2/6B1/3Pp3/2N5/PPP2PPP/R2QKBNR b KQkq - 3 4	A83	Dutch Staunton gambit, Staunton's line	7
rnbqkb1r/ppppp2p/5np1/6B1/3Pp2P/2N5/PPP2PP1/R2QKBNR b KQkq h3 0 5	A83	Dutch Staunton gambit, Alekhine variation	9
rnbqkb1r/ppppp2p/5np1/6B1/3Pp3/2N2P2/PPP3PP/R2QKBNR b KQkq - 0 5	A83	Dutch Staunton gambit, Lasker variation	9
rnbqkb1r/pp1pp1pp/2p2n2/6B1/3Pp3/2N5/PPP2PPP/R2QKBNR w KQkq - 0 5	A83	Dutch Staunton gambit, Chigorin variation	8
rnbqkb1r/p1ppp1pp/1p3n2/6B1/3Pp3/2N5/PPP2PPP/R2QKBNR w KQkq - 0 5	A83	Dutch Staunton gambit, Nimzovich variation	8
rnbqkb1r/ppppp2p/6pn/5p2/2PP4/2N5/PP2PPPP/R1BQKBNR w KQkq - 2 4	A84	Dutch defence Bladel variation	6
rnb1kb1r/ppq1p1pp/2pp1n2/5p2/2PP4/2N3P1/PP2PPBP/R1BQK1NR w KQkq - 2 6	A86	Dutch Hort-Antoshin system	10
rnbqkb1r/ppppp2p/5np1/5p2/2PP4/6P1/PP2PP1P/RNBQKBNR w KQkq - 0 4	A86	Dutch Leningrad variation	6
rnbqk2r/ppppp1bp/5np1/5p2/2PP4/5NP1/PP2PPBP/RNBQK2R b KQkq - 3 5	A87	Dutch Leningrad, main variation	9
rnbq1rk1/pp2p1bp/2pp1np1/5p2/2PP4/2N2NP1/PP2PPBP/R1BQ1RK1 w - - 0 8	A88	Dutch Leningrad, main variation with c6	14
r1bq1rk1/ppp1p1bp/2np1np1/5p2/2PP4/2N2NP1/PP2PPBP/R1BQ1RK1 w - - 2 8	A89	Dutch Leningrad, main variation with Nc6	14
rnbqkb1r/pppp2pp/4pn2/5p2/2PP4/6P1/PP2PPBP/RNBQK1NR b KQkq - 1 4	A90	Dutch defence	7
rnbqk2r/pppp2pp/4pn2/5p2/1bPP4/6P1/PP2PPBP/RNBQK1NR w KQkq - 2 5	A90	Dutch defence Dutch-Indian (Nimzo-Dutch) variation	8
rnbqk2r/ppppb1pp/4pn2/5p2/2PP4/6P1/PP1BPPBP/RN1QK1NR w KQkq - 4 6	A90	Dutch-Indian, Alekhine variation	10
rnbqk2r/ppppb1pp/4pn2/5p2/2PP4/6P1/PP2PPBP/RNBQK1NR w KQkq - 2 5	A91	Dutch defence	8
rnbq1rk1/ppppb1pp/4pn2/5p2/2PP4/5NP1/PP2PPBP/RNBQK2R w KQ - 4 6	A92	Dutch defence	10
rnbq1rk1/ppppb1pp/4p3/5p2/2PPn3/5NP1/PP2PPBP/RNBQ1RK1 w - - 6 7	A92	Dutch defence, Alekhine variation	12
rnbq1rk1/ppp1b1pp/4pn2/3p1p2/2PP4/5NP1/PP2PPBP/RNBQ1RK1 w - d6 0 7	A92	Dutch stonewall variation	12
rnbq1rk1/ppp1b1pp/4pn2/3p1p2/2PP4/2N2NP1/PP2PPBP/R1BQ1RK1 b - - 1 7	A92	Dutch stonewall with Nc3	13
rnbq1rk1/ppp1b1pp/4pn2/3p1p2/2PP4/1P3NP1/P3PPBP/RNBQ1RK1 b - - 0 7	A93	Dutch stonewall, Botwinnik variation	13
rnbq1rk1/pp2b1pp/2p1pn2/3p1p2/2PP4/BP3NP1/P3PPBP/RN1Q1RK1 b - - 1 8	A94	Dutch stonewall with Ba3	15
rnbq1rk1/pp2b1pp/2p1pn2/3p1p2/2PP4/2N2NP1/PP2PPBP/R1BQ1RK1 w - - 0 8	A95	Dutch stonewall with Nc3	14
rnbq1rk1/ppp1b1pp/3ppn2/5p2/2PP4/5NP1/PP2PPBP/RNBQ1RK1 w - - 0 7	A96	Dutch classical variation	12
rnb1qrk1/ppp1b1pp/3ppn2/5p2/2PP4/2N2NP1/PP2PPBP/R1BQ1RK1 w - - 2 8	A97	Dutch Ilyin-Genevsky variation	14
rnb1qrk1/ppp1b1pp/3ppn2/5p2/2PP4/2N2NP1/PP2PPBP/R1BQR1K1 b - - 3 8	A97	Dutch Ilyin-Genevsky, Winter variation	15
rnb1qrk1/ppp1b1pp/3ppn2/5p2/2PP4/2N2NP1/PPQ1PPBP/R1B2RK1 b - - 3 8	A98	Dutch Ilyin-Genevsky variation with Qc2	15
rnb1qrk1/ppp1b1pp/3ppn2/5p2/2PP4/1PN2NP1/P3PPBP/R1BQ1RK1 b - - 0 8	A99	Dutch Ilyin-Genevsky variation with b3	15
rnbqkb1r/ppppp2p/5ppn/8/2PPP3/8/PP3PPP/RNBQKBNR w KQkq - 0 4	B00	Hippopotamus defence	6
r1bqkbnr/pppppppp/2n5/8/3PP3/2P5/P4PPP/RNBQKBNR b KQkq d3 0 4	B00	KP Nimzovich defence, Wheeler gambit	7
r1b1kbnr/ppp1pppp/2n5/3q4/3P4/2N5/PPP2PPP/R1BQKBNR b KQkq - 1 4	B00	KP Nimzovich defence, Marshall gambit	7
rn2kb1r/ppp1pppp/5n2/q7/3P2b1/2N2N1P/PPP2PP1/R1BQKB1R b KQkq - 0 6	B01	Scandinavian defence, Lasker variation	11
rn2kb1r/ppp1pppp/5n2/q4b2/3P4/2N2N2/PPP2PPP/R1BQKB1R w KQkq - 3 6	B01	Scandinavian defence	10
rn2kb1r/pp2pppp/2p2n2/q3Nb2/3P2P1/2N5/PPP2P1P/R1BQKB1R b KQkq g3 0 7	B01	Scandinavian defence, Gruenfeld variation	13
rnb1kbnr/ppp2ppp/8/q3p3/3P4/2N5/PPP2PPP/R1BQKBNR w KQkq e6 0 5	B01	Scandinavian Anderssen counter-attack	8
r1b1k1nr/ppp2ppp/2n5/q3P3/1b6/2N2N2/PPPB1PPP/R2QKB1R b KQkq - 4 7	B01	Scandinavian Anderssen counter-attack orthodox attack	13
rnb1kbnr/ppp2ppp/8/q3p3/3P4/2N2N2/PPP2PPP/R1BQKB1R b KQkq - 1 5	B01	Scandinavian Anderssen counter-attack, Goteborg system	9
rn2kbnr/ppp2ppp/8/q3p3/3P2b1/2N2N2/PPP2PPP/R1BQKB1R w KQkq - 2 6	B01	Scandinavian Anderssen counter-attack, Collijn variation	10
rnb1kbnr/ppp1pppp/8/q7/1P6/2N5/P1PP1PPP/R1BQKBNR b KQkq b3 0 4	B01	Scandinavian, Mieses-Kotrvc gambit	7
rnb1kbnr/ppp1pppp/3q4/8/8/2N5/PPPP1PPP/R1BQKBNR w KQkq - 2 4	B01	Scandinavian Pytel-Wade variation	6
rnbqkb1r/ppp2ppp/4pn2/3P4/2P5/8/PP1P1PPP/RNBQKBNR w KQkq - 0 4	B01	Scandinavian Icelandic gambit	6
rnbqkb1r/pp2pppp/2p2n2/3P4/2P5/8/PP1P1PPP/RNBQKBNR w KQkq - 0 4	B01	Scandinavian gambit	6
rnbqkb1r/ppp1pppp/8/3n4/3P4/8/PPP2PPP/RNBQKBNR w KQkq - 0 4	B01	Scandinavian Marshall variation	6
rnbqkb1r/ppp1pppp/8/8/1nPP4/8/PP3PPP/RNBQKBNR w KQkq - 1 5	B01	Scandinavian Kiel variation	8
rnbqkb1r/ppp1pp1p/5np1/3P4/3P4/8/PPP2PPP/RNBQKBNR w KQkq - 0 4	B01	Scandinavian Richter variation	6
rnbqkb1r/pppnpppp/4P3/3p4/8/2N5/PPPP1PPP/R1BQKBNR b KQkq - 0 4	B02	Alekhine's defence Spielmann variation	7
rnbqkb1r/pp1ppppp/1n6/2p1P3/8/1B1P4/PPP2PPP/RNBQK1NR b KQkq - 0 5	B02	Alekhine's defence Kmoch variation	9
rnbqkb1r/pppppppp/1n6/4P3/2P5/1P6/P2P1PPP/RNBQKBNR b KQkq - 0 4	B02	Alekhine's defence Steiner variation	7
rnbqkb1r/pppppppp/1n6/2P1P3/8/8/PP1P1PPP/RNBQKBNR b KQkq - 0 4	B02	Alekhine's defence two pawns' (Lasker's) attack	7
rnbqkb1r/ppp2ppp/3pp3/2PnP3/2B5/2N5/PP1P1PPP/R1BQK1NR w KQkq - 0 7	B02	Alekhine's defence two pawns' attack, Mikenas variation	12
rnbqkb1r/p1pppppp/8/1p1nP3/3P4/8/PPP2PPP/RNBQKBNR w KQkq b6 0 4	B03	Alekhine's defence O'Sullivan gambit	6
rnbqkb1r/ppp1pppp/3p4/3nP3/3P4/8/PPP2PPP/RNBQKBNR w KQkq - 0 4	B03	Alekhine's defence	6
rnbqkb1r/ppp1pppp/3p4/3nP3/2BP4/8/PPP2PPP/RNBQK1NR b KQkq - 1 4	B03	Alekhine's defence Balogh variation	7
rnbqkb1r/ppp1pppp/3p4/3nP3/2PP4/8/PP3PPP/RNBQKBNR b KQkq c3 0 4	B03	Alekhine's defence	7
rnbqkb1r/ppp1pppp/1n1P4/8/2PP4/8/PP3PPP/RNBQKBNR b KQkq - 0 5	B03	Alekhine's defence exchange variation	9
rnbqkb1r/ppp1pppp/1n1p4/4P3/2PP1P2/8/PP4PP/RNBQKBNR b KQkq f3 0 5	B03	Alekhine's defence four pawns attack	9
r1bqkb1r/ppp1pppp/1nn5/4P3/2PP4/8/PP4PP/RNBQKBNR w KQkq - 1 7	B03	Alekhine's defence four pawns attack, 6...Nc6	12
r1bqkb1r/ppp1pppp/1nn5/4P3/2PP4/4B3/PP4PP/RN1QKBNR b KQkq - 2 7	B03	Alekhine's defence four pawns attack, 7.Be3	13
rnbqkb1r/ppp1pp1p/1n1p4/4P1p1/2PP1P2/8/PP4PP/RNBQKBNR w KQkq g6 0 6	B03	Alekhine's defence four pawns attack, Planinc variation	10
rnbqkb1r/ppp1pp1p/1n1p2p1/4P3/2PP1P2/8/PP4PP/RNBQKBNR w KQkq - 0 6	B03	Alekhine's defence four pawns attack, fianchetto variation	10
rn1qkb1r/ppp1pppp/1n1p4/4Pb2/2PP1P2/8/PP4PP/RNBQKBNR w KQkq - 1 6	B03	Alekhine's defence four pawns attack, Trifunovic variation	10
rnbqkb1r/ppp1pppp/3p4/3nP3/3P4/5N2/PPP2PPP/RNBQKB1R b KQkq - 1 4	B04	Alekhine's defence modern variation	7
rnbqkb1r/ppp1pppp/8/3np3/3P4/5N2/PPP2PPP/RNBQKB1R w KQkq - 0 5	B04	Alekhine's defence modern, Larsen variation	8
rnbqkb1r/ppp1pppp/1n1p4/4P3/3P4/5N2/PPP2PPP/RNBQKB1R w KQkq - 2 5	B04	Alekhine's defence modern, Schmid variation	8
rnbqkb1r/ppp1pp1p/3p2p1/3nP3/3P4/5N2/PPP2PPP/RNBQKB1R w KQkq - 0 5	B04	Alekhine's defence modern, fianchetto variation	8
rnbqk2r/ppp1ppbp/1n1p2p1/4P3/P2P4/1B3N2/1PP2PPP/RNBQK2R b KQkq a3 0 7	B04	Alekhine's defence modern, Keres variation	13
rn1qkb1r/ppp1pppp/3p4/3nP3/3P2b1/5N2/PPP2PPP/RNBQKB1R w KQkq - 2 5	B05	Alekhine's defence modern variation, 4...Bg4	8
rn1qkb1r/pp2pppp/2pp4/3nP3/3P2b1/5N2/PPP1BPPP/RNBQK2R w KQkq - 0 6	B05	Alekhine's defence modern, Flohr variation	10
rn1qkb1r/ppp1pppp/3p4/3nP3/3P2b1/5N1P/PPP2PP1/RNBQKB1R b KQkq - 0 5	B05	Alekhine's defence modern, Panov variation	9
rn1qkb1r/ppp1pppp/3p4/3nP3/2PP2b1/5N2/PP3PPP/RNBQKB1R b KQkq c3 0 5	B05	Alekhine's defence modern, Alekhine variation	9
rn1qkb1r/ppp1pppp/1n1p4/3PP3/2P3b1/5N2/PP3PPP/RNBQKB1R b KQkq - 0 6	B05	Alekhine's defence modern, Vitolins attack	11
rnbqkb1r/ppppppnp/6p1/4P3/3P2P1/8/PPP2P1P/RNBQKBNR w KQkq - 1 5	B06	Norwegian defence	8
rnbqk1nr/pp2ppb1/2p3p1/3pP2p/3P1P2/2N5/PPP3PP/R1BQKBNR w KQkq h6 0 6	B06	Robatsch defence Gurgenidze variation	10
rnbqk1nr/ppp1ppbp/3p2p1/8/3PP3/2N5/PPP2PPP/R1BQKBNR w KQkq - 0 4	B06	Robatsch (modern) defence	6
rnbqk1nr/ppp1ppbp/3p2p1/8/3PP3/2N2N2/PPP2PPP/R1BQKB1R b KQkq - 1 4	B06	Robatsch defence two knights variation	7
rnbqk1nr/pp2ppbp/2pp2p1/8/3PP3/2N2N2/PPP2PPP/R1BQKB1R w KQkq - 0 5	B06	Robatsch defence two knights, Suttles variation	8
rnbqk1nr/ppp1ppbp/3p2p1/8/3PPP2/2N5/PPP3PP/R1BQKBNR b KQkq f3 0 4	B06	Robatsch defence Pseudo-Austrian attack	7
rnbqkb1r/pp2pppp/2pp1n2/8/3PP3/2N5/PPP2PPP/R1BQKBNR w KQkq - 0 4	B07	Pirc Ufimtsev-Pytel variation	6
rnbqkb1r/ppp1pp1p/3p1np1/8/3PP3/2N5/PPP2PPP/R1BQKBNR w KQkq - 0 4	B07	Pirc defence	6
rnbqkb1r/pp2pp1p/2pp1np1/8/3PP3/2N1B3/PPPQ1PPP/R3KBNR b KQkq - 1 5	B07	Pirc 150 attack	9
rnbqkb1r/ppp1pp1p/3p1np1/8/3PP3/2N3P1/PPP2P1P/R1BQKBNR b KQkq - 0 4	B07	Pirc Sveshnikov system	7
rnbqkb1r/ppp1pp1p/3p1np1/8/2BPP3/2N5/PPP2PPP/R1BQK1NR b KQkq - 1 4	B07	Pirc Holmov system	7
rnbqkb1r/ppp1pp1p/3p1np1/6B1/3PP3/2N5/PPP2PPP/R2QKBNR b KQkq - 1 4	B07	Pirc Byrne variation	7
rnbqkb1r/ppp1pp1p/3p1np1/8/3PP3/2N5/PPP1BPPP/R1BQK1NR b KQkq - 1 4	B07	Pirc defence	7
rnbqk2r/ppp1ppbp/3p1np1/8/3PP1P1/2N5/PPP1BP1P/R1BQK1NR b KQkq g3 0 5	B07	Pirc Chinese variation	9
rnbqk2r/ppp1ppbp/3p1np1/8/3PP2P/2N5/PPP1BPP1/R1BQK1NR b KQkq h3 0 5	B07	Pirc bayonet (Mariotti) attack	9
rnbqk1nr/ppp1ppbp/3p2p1/8/3PP3/2P2N2/PP3PPP/RNBQKB1R b KQkq - 0 4	B07	Robatsch defence Geller's system	7
rnbqkb1r/ppp1pp1p/3p1np1/8/3PP3/2N2N2/PPP2PPP/R1BQKB1R b KQkq - 1 4	B08	Pirc classical (two knights) system	7
rnbqk2r/ppp1ppbp/3p1np1/8/3PP3/2N2N2/PPP2PPP/R1BQKB1R w KQkq - 2 5	B08	Pirc classical (two knights) system	8
rnbqk2r/ppp1ppbp/3p1np1/8/3PP3/2N2N1P/PPP2PP1/R1BQKB1R b KQkq - 0 5	B08	Pirc classical, h3 system	9
rnbqk2r/ppp1ppbp/3p1np1/8/3PP3/2N2N2/PPP1BPPP/R1BQK2R b KQkq - 3 5	B08	Pirc classical system, 5.Be2	9
rnbqkb1r/ppp1pp1p/3p1np1/8/3PPP2/2N5/PPP3PP/R1BQKBNR b KQkq f3 0 4	B09	Pirc Austrian attack	7
rnbq1rk1/ppp1ppbp/3p1np1/8/3PPP2/2N2N2/PPP3PP/R1BQKB1R w KQ - 3 6	B09	Pirc Austrian attack	10
rnbq1rk1/ppp1ppbp/3p1np1/4P3/3P1P2/2N2N2/PPP3PP/R1BQKB1R b KQ - 0 6	B09	Pirc Austrian attack, 6.e5	11
rnbq1rk1/ppp1ppbp/3p1np1/8/3PPP2/2N1BN2/PPP3PP/R2QKB1R b KQ - 4 6	B09	Pirc Austrian attack, 6.Be3	11
rnbq1rk1/ppp1ppbp/3p1np1/8/3PPP2/2NB1N2/PPP3PP/R1BQK2R b KQ - 4 6	B09	Pirc Austrian attack, 6.Bd3	11
rnbqk2r/pp2ppbp/3p1np1/2p5/3PPP2/2N2N2/PPP3PP/R1BQKB1R w KQkq c6 0 6	B09	Pirc Austrian attack, dragon formation	10
rnbqk2r/ppp1ppbp/3p1np1/8/2BPPP2/2N5/PPP3PP/R1BQK1NR b KQkq - 2 5	B09	Pirc Austrian attack, Ljubojevic variation	9
rn1qkbnr/pp2pppp/2p5/3p4/4P1b1/2N2N2/PPPP1PPP/R1BQKB1R w KQkq - 2 4	B11	Caro-Kann two knights, 3...Bg4	6
r1bqkbnr/ppnppppp/2p5/8/3PP3/2N5/PPP2PPP/R1BQKBNR w KQkq - 3 4	B12	de Bruycker defence	6
rnb1kbnr/pp2pppp/1qp5/3p4/3PP3/8/PPPN1PPP/R1BQKBNR w KQkq - 2 4	B12	Caro-Kann Edinburgh variation	6
rn1qkbnr/pp3ppp/2p1p3/3pPb2/3P4/2P5/PP2BPPP/RNBQK1NR b KQkq - 1 5	B12	Caro-Kann advance, Short variation	9
r1bqkb1r/pp2pppp/2n2n2/3p4/3P1B2/2PB4/PP3PPP/RN1QK1NR b KQkq - 2 6	B13	Caro-Kann exchange, Rubinstein variation	11
rnbqkbnr/pp2pppp/8/3p4/2PP4/8/PP3PPP/RNBQKBNR b KQkq c3 0 4	B13	Caro-Kann Panov-Botvinnik attack	7
rnbqkb1r/pp2pppp/5n2/2Pp4/3P4/8/PP3PPP/RNBQKBNR b KQkq - 0 5	B13	Caro-Kann Panov-Botvinnik, Gunderam attack	9
rnbqkb1r/pp2pppp/5n2/3p4/2PP4/2N5/PP3PPP/R1BQKBNR b KQkq - 2 5	B13	Caro-Kann Panov-Botvinnik attack	9
r1bqkb1r/pp2pppp/5n2/n2P2B1/2p5/2N5/PP3PPP/R2QKBNR w KQkq - 1 8	B13	Caro-Kann Panov-Botvinnik, Herzog defence	14
r1bqkb1r/pp3ppp/2n1pn2/3p2B1/2PP4/2N5/PP3PPP/R2QKBNR w KQkq - 0 7	B13	Caro-Kann Panov-Botvinnik, normal variation	12
r1b1kb1r/pp2pppp/2n2n2/q2p2B1/2PP4/2N5/PP3PPP/R2QKBNR w KQkq - 5 7	B13	Caro-Kann Panov-Botvinnik, Czerniak variation	12
r1b1kb1r/pp2pppp/1qn2n2/3p2B1/2PP4/2N5/PP3PPP/R2QKBNR w KQkq - 5 7	B13	Caro-Kann Panov-Botvinnik, Reifir (Spielmann) variation	12
rnbqkb1r/pp3ppp/4pn2/3p4/2PP4/2N5/PP3PPP/R1BQKBNR w KQkq - 0 6	B14	Caro-Kann Panov-Botvinnik attack, 5...e6	10
rnbqkb1r/pp2pp1p/5np1/3p4/2PP4/2N5/PP3PPP/R1BQKBNR w KQkq - 0 6	B14	Caro-Kann Panov-Botvinnik attack, 5...g6	10
rnbqkbnr/p3pppp/2p5/1p1p4/3PP3/2N5/PPP2PPP/R1BQKBNR w KQkq b6 0 4	B15	Caro-Kann Gurgenidze counter-attack	6
rnbqkbnr/pp2pp1p/2p3p1/3p4/3PP3/2N5/PPP2PPP/R1BQKBNR w KQkq - 0 4	B15	Caro-Kann Gurgenidze system	6
rnbqkbnr/pp2pppp/2p5/8/3Pp3/2N2P2/PPP3PP/R1BQKBNR b KQkq - 0 4	B15	Caro-Kann Rasa-Studier gambit	7
rnbqkbnr/pp2pppp/2p5/8/3PN3/8/PPP2PPP/R1BQKBNR b KQkq - 0 4	B15	Caro-Kann defence	7
rnbqkb1r/pp2pppp/2p2n2/8/3PN3/3B4/PPP2PPP/R1BQK1NR b KQkq - 2 5	B15	Caro-Kann Alekhine gambit	9
rnbqkb1r/pp3ppp/2p2p2/8/3P4/8/PPP2PPP/R1BQKBNR w KQkq - 0 6	B15	Caro-Kann Tartakower (Nimzovich) variation	10
rnbqkb1r/pp3ppp/2p2p2/8/2BP4/8/PPP2PPP/R1BQK1NR b KQkq - 1 6	B15	Caro-Kann Forgacs variation	11
rnbqkb1r/pp2pp1p/2p2p2/8/3P4/8/PPP2PPP/R1BQKBNR w KQkq - 0 6	B16	Caro-Kann Bronstein-Larsen variation	10
r1bqkbnr/pp1npppp/2p5/8/3PN3/8/PPP2PPP/R1BQKBNR w KQkq - 1 5	B17	Caro-Kann Steinitz variation	8
rn1qkbnr/pp2pppp/2p5/5b2/3PN3/8/PPP2PPP/R1BQKBNR w KQkq - 1 5	B18	Caro-Kann classical variation	8
rn1qkbnr/pp2pppp/2p3b1/8/3P4/6NN/PPP2PPP/R1BQKB1R b KQkq - 4 6	B18	Caro-Kann classical, Flohr variation	11
rn1qkbnr/pp2pppp/2p3b1/8/3P1P2/6N1/PPP3PP/R1BQKBNR b KQkq f3 0 6	B18	Caro-Kann classical, Maroczy attack	11
rn1qkbnr/pp2pppp/2p3b1/8/3P3P/6N1/PPP2PP1/R1BQKBNR b KQkq h3 0 6	B18	Caro-Kann classical, 6.h4	11
r2qkbnr/pp1nppp1/2p3bp/8/3P3P/5NN1/PPP2PP1/R1BQKB1R w KQkq - 2 8	B19	Caro-Kann classical, 7...Nd7	14
r2qkbnr/pp1nppp1/2p3bp/7P/3P4/5NN1/PPP2PP1/R1BQKB1R b KQkq - 0 8	B19	Caro-Kann classical, Spassky variation	15
r1bqkbnr/pp2ppp1/2np4/2p4p/2P1P3/2N3P1/PP1P1P1P/R1BQKBNR w KQkq h6 0 5	B20	Sicilian Gloria variation	8
rnb1kbnr/pp2pppp/8/3q4/1p6/P7/1BPP1PPP/RN1QKBNR b KQkq - 1 5	B20	Sicilian wing gambit, Marienbad variation	9
rnbqkbnr/pp1ppppp/8/8/4P3/p7/2PP1PPP/RNBQKBNR w KQkq - 0 4	B20	Sicilian wing gambit, Carlsbad variation	6
rnbqkbnr/pp1p1ppp/8/4p3/3pP3/2P2N2/PP3PPP/RNBQKB1R b KQkq - 0 4	B21	Sicilian Andreaschek gambit	7
r1bqkb1r/pp1ppppp/2n5/2pnP3/8/N1P2N2/PP1P1PPP/R1BQKB1R b KQkq - 4 5	B22	Sicilian 2.c3, Heidenfeld variation	9
rnbqkbnr/pp3ppp/4p3/2pp4/4P3/2N3P1/PPPP1P1P/R1BQKBNR w KQkq d6 0 4	B23	Sicilian closed, Korchnoi variation	6
r1bqk1nr/pp1p1pbp/2n1p1p1/2p2P2/2B1P3/2N2N2/PPPP2PP/R1BQK2R b KQkq - 0 6	B23	Sicilian Grand Prix attack, Schofman variation	11
r1bqk1nr/pp1p1pbp/4p1p1/2p5/3nP3/3PB1P1/PPP1NPBP/R2QK1NR b KQkq - 3 7	B24	Sicilian closed, Smyslov variation	13
r1bqk1nr/pp2ppbp/2np2p1/2p5/4P3/2NP2P1/PPP2PBP/R1BQK1NR w KQkq - 0 6	B25	Sicilian closed	10
r1bqk1nr/pp3pbp/2np2p1/2p1p3/4P3/2NP2P1/PPP1NPBP/R1BQK2R w KQkq e6 0 7	B25	Sicilian closed, 6.Ne2 e5 (Botvinnik)	12
r1bqk1nr/pp2ppbp/2np2p1/2p5/4PP2/2NP2P1/PPP3BP/R1BQK1NR b KQkq f3 0 6	B25	Sicilian closed, 6.f4	11
r1bqk1nr/pp3pbp/2np2p1/2p1p3/4PP2/2NP2P1/PPP3BP/R1BQK1NR w KQkq e6 0 7	B25	Sicilian closed, 6.f4 e5 (Botvinnik)	12
r1bqk1nr/pp2ppbp/2np2p1/2p5/4P3/2NPB1P1/PPP2PBP/R2QK1NR b KQkq - 1 6	B26	Sicilian closed, 6.Be3	11
rnbqk1nr/pp1ppp1p/6pb/2p5/2P1P3/5N2/PP1P1PPP/RNBQKB1R w KQkq - 1 4	B27	Sicilian Acton extension	6
r1bqkb1r/pp1p1ppp/2n5/2ppP3/3P4/5N2/PPP2PPP/R1BQKB1R w KQkq - 1 7	B29	Sicilian Nimzovich-Rubinstein; Rubinstein counter-gambit	12
r1bqkbnr/pp1ppp1p/2n3p1/1Bp5/4P3/5N2/PPPP1PPP/RNBQK2R w KQkq - 0 4	B31	Sicilian Nimzovich-Rossolimo attack (with ...g6, without ...d6)	6
r1bqk1nr/pp1p1pbp/2n3p1/1Bp1p3/1P2P3/5N2/P1PP1PPP/RNBQR1K1 b kq b3 0 6	B31	Sicilian Nimzovich-Rossolimo attack, Gurgenidze variation	11
r1b1kbnr/ppqppppp/2n5/8/3NP3/8/PPP2PPP/RNBQKB1R w KQkq - 1 5	B32	Sicilian Flohr variation	8
r1bqkbnr/pp2pppp/2n5/3p4/3NP3/8/PPP2PPP/RNBQKB1R w KQkq d6 0 5	B32	Sicilian Nimzovich variation	8
r1bqkbnr/pp1p1ppp/2n5/4p3/3NP3/8/PPP2PPP/RNBQKB1R w KQkq e6 0 5	B32	Sicilian Labourdonnais-Loewenthal variation	8
r1bqkbnr/pp3ppp/2np4/1N2p3/4P3/8/PPP2PPP/RNBQKB1R w KQkq - 0 6	B32	Sicilian Labourdonnais-Loewenthal (Kalashnikov) variation	10
r1bqkb1r/pp1ppppp/2n2n2/8/3NP3/8/PPP2PPP/RNBQKB1R w KQkq - 1 5	B33	Sicilian defence	8
r1bqkb1r/pp1p1ppp/2n2n2/4p3/3NP3/2N5/PPP2PPP/R1BQKB1R w KQkq e6 0 6	B33	Sicilian Pelikan (Lasker/Sveshnikov) variation	10
r2qkb1r/1p3ppp/p1npbn2/4p1B1/4P3/N1N5/PPP2PPP/R2QKB1R w KQkq - 2 9	B33	Sicilian Pelikan, Bird variation	16
r1bqkb1r/5ppp/p1np1n2/1p2p1B1/4P3/N1N5/PPP2PPP/R2QKB1R w KQkq b6 0 9	B33	Sicilian Pelikan, Chelyabinsk variation	16
r1bqkbnr/pp1ppp1p/2N3p1/8/4P3/8/PPP2PPP/RNBQKB1R b KQkq - 0 5	B34	Sicilian accelerated fianchetto, exchange variation	9
r1bqkbnr/pp1ppp1p/2n3p1/8/3NP3/2N5/PPP2PPP/R1BQKB1R b KQkq - 1 5	B34	Sicilian accelerated fianchetto, modern variation	9
r1bqk2r/pp1pppbp/2n2np1/8/2BNP3/2N1B3/PPP2PPP/R2QK2R b KQkq - 5 7	B35	Sicilian accelerated fianchetto, modern variation with Bc4	13
r1bqkbnr/pp1ppp1p/2n3p1/8/2PNP3/8/PP3PPP/RNBQKB1R b KQkq c3 0 5	B36	Sicilian accelerated fianchetto, Maroczy bind	9
r1bqkb1r/pp2pp1p/3p1np1/8/2PQP3/2N5/PP3PPP/R1B1KB1R w KQkq - 0 8	B36	Sicilian accelerated fianchetto, Gurgenidze variation	14
r1bqk1nr/pp1pppbp/2n3p1/8/2PNP3/8/PP3PPP/RNBQKB1R w KQkq - 1 6	B37	Sicilian accelerated fianchetto, Maroczy bind, 5...Bg7	10
r1bqk2r/pp2ppbp/2np2pn/8/2P1P3/8/PPN1BPPP/RNBQK2R w KQkq - 2 8	B37	Sicilian accelerated fianchetto, Simagin variation	14
r1bqk1nr/pp1pppbp/2n3p1/8/2PNP3/4B3/PP3PPP/RN1QKB1R b KQkq - 2 6	B38	Sicilian accelerated fianchetto, Maroczy bind, 6.Be3	11
r1bqk2r/pp1pppbp/2n3p1/8/2PNP1n1/2N1B3/PP3PPP/R2QKB1R w KQkq - 5 8	B39	Sicilian accelerated fianchetto, Breyer variation	14
rnbqkbnr/pp3ppp/4p3/2pp4/3PP3/5N2/PPP2PPP/RNBQKB1R w KQkq d6 0 4	B40	Sicilian Marshall variation	6
rnbqkbnr/pp1p1ppp/4p3/8/3pP3/5N2/PPP2PPP/RNBQKB1R w KQkq - 0 4	B40	Sicilian defence	6
rnbqkb1r/pp1p1ppp/4pn2/8/3NP3/8/PPP2PPP/RNBQKB1R w KQkq - 1 5	B40	Sicilian Anderssen variation	8
rnbqk2r/pp1p1ppp/4pn2/8/1b1NP3/2N5/PPP2PPP/R1BQKB1R w KQkq - 3 6	B40	Sicilian Pin variation (Sicilian counter-attack)	10
rnbqk2r/pp1p1ppp/5n2/4p3/1b1NP3/2NB4/PPP2PPP/R1BQK2R w KQkq - 0 7	B40	Sicilian Pin, Jaffe variation	12
rnbqk2r/pp1p1ppp/4pn2/4P3/1b1N4/2N5/PPP2PPP/R1BQKB1R b KQkq - 0 6	B40	Sicilian Pin, Koch variation	11
rnbqkbnr/1p1p1ppp/p3p3/8/3NP3/8/PPP2PPP/RNBQKB1R w KQkq - 0 5	B41	Sicilian Kan variation	8
rnbqkbnr/1p1p1ppp/p3p3/8/2PNP3/8/PP3PPP/RNBQKB1R b KQkq c3 0 5	B41	Sicilian Kan, Maroczy bind (Reti variation)	9
r1bqk2r/1p1p1ppp/p1n1pn2/8/1bPNP3/2N5/PPB2PPP/R1BQK2R b KQkq - 6 8	B41	Sicilian Kan, Maroczy bind - Bronstein variation	15
rnbqkbnr/1p1p1ppp/p3p3/8/3NP3/3B4/PPP2PPP/RNBQK2R b KQkq - 1 5	B42	Sicilian Kan, 5.Bd3	9
rnbqkb1r/1p3p1p/p2ppnp1/8/2PNP3/3B4/PP3PPP/RNBQ1RK1 w kq - 0 8	B42	Sicilian Kan, Gipslis variation	14
rnbqk1nr/1p1p1ppp/p3p3/2b5/3NP3/3B4/PPP2PPP/RNBQK2R w KQkq - 2 6	B42	Sicilian Kan, Polugaievsky variation	10
rnbqkbnr/1p1p1p1p/p3p1p1/8/3NP3/3B4/PPP2PPP/RNBQK2R w KQkq - 0 6	B42	Sicilian Kan, Swiss cheese variation	10
rnbqkbnr/1p1p1ppp/p3p3/8/3NP3/2N5/PPP2PPP/R1BQKB1R b KQkq - 1 5	B43	Sicilian Kan, 5.Nc3	9
r1bqkbnr/pp1p1ppp/2n1p3/8/3NP3/8/PPP2PPP/RNBQKB1R w KQkq - 1 5	B44	Sicilian defence	8
r1bqkbnr/pp1p1ppp/2n1p3/1N6/4P3/8/PPP2PPP/RNBQKB1R b KQkq - 2 5	B44	Sicilian, Szen (`anti-Taimanov') variation	9
r1bqkb1r/1p3ppp/p1n1pn2/3p4/2P1P3/N1N5/PP3PPP/R1BQKB1R w KQkq - 0 9	B44	Sicilian, Szen variation, Dely-Kasparov gambit	16
r1bqkbnr/pp1p1ppp/2n1p3/8/3NP3/2N5/PPP2PPP/R1BQKB1R b KQkq - 2 5	B45	Sicilian Taimanov variation	9
r1bqk2r/pp1p1ppp/2nNpn2/8/1b2P3/2N5/PPP2PPP/R1BQKB1R b KQkq - 6 7	B45	Sicilian Taimanov, American attack	13
r1bqkbnr/1p1p1ppp/p1n1p3/8/3NP3/2N5/PPP2PPP/R1BQKB1R w KQkq - 0 6	B46	Sicilian Taimanov variation	10
r1b1kbnr/ppqp1ppp/2n1p3/8/3NP3/2N5/PPP2PPP/R1BQKB1R w KQkq - 3 6	B47	Sicilian Taimanov (Bastrikov) variation	10
r1b1kbnr/ppqp1ppp/2n1p3/8/3NP3/2N1B3/PPP2PPP/R2QKB1R b KQkq - 4 6	B48	Sicilian Taimanov variation	11
r1b1kbnr/1pqp1ppp/p1n1p3/8/3NP3/2N1B3/PPP1BPPP/R2QK2R b KQkq - 1 7	B49	Sicilian Taimanov variation	13
rn1qkbnr/pp1bpppp/3p4/1Bp5/4P3/5N2/PPPP1PPP/RNBQK2R w KQkq - 2 4	B52	Sicilian Canal-Sokolsky attack, 3...Bd7	6
r3kb1r/pp1qpppp/2np1n2/2p5/3PP3/2P2N2/PP3PPP/RNBQ1RK1 b kq d3 0 7	B52	Sicilian Canal-Sokolsky attack, Bronstein gambit	13
rn2kbnr/pp1qpppp/3p4/2p5/2P1P3/5N2/PP1P1PPP/RNBQK2R b KQkq c3 0 5	B52	Sicilian Canal-Sokolsky attack, Sokolsky variation	9
rnbqkbnr/pp2pppp/3p4/8/3QP3/5N2/PPP2PPP/RNB1KB1R b KQkq - 0 4	B53	Sicilian, Chekhover variation	7
r1b1kbnr/pp1qpppp/2np4/1B6/3QP3/5N2/PPP2PPP/RNB1K2R w KQkq - 3 6	B53	Sicilian Chekhover, Zaitsev variation	10
rnbqkbnr/pp2pppp/3p4/8/3NP3/8/PPP2PPP/RNBQKB1R b KQkq - 0 4	B54	Sicilian	7
rnbqkb1r/pp2pppp/3p1n2/8/3NP3/5P2/PPP3PP/RNBQKB1R b KQkq - 0 5	B54	Sicilian Prins (Moscow) variation	9
rnbqkb1r/pp3ppp/3p1n2/1B2p3/3NP3/5P2/PPP3PP/RNBQK2R b KQkq - 1 6	B55	Sicilian Prins variation, Venice attack	11
rnbqkb1r/pp2pppp/3p1n2/8/3NP3/2N5/PPP2PPP/R1BQKB1R b KQkq - 2 5	B56	Sicilian	9
rnbqkb1r/pp3ppp/3p1n2/1B2p3/3NP3/2N5/PPP2PPP/R1BQK2R b KQkq - 1 6	B56	Sicilian Venice attack	11
r1bqkb1r/pp2pppp/2np1n2/8/3NP3/2N5/PPP2PPP/R1BQKB1R w KQkq - 3 6	B56	Sicilian	10
r1bqkb1r/pp2pppp/2np1n2/8/2BNP3/2N5/PPP2PPP/R1BQK2R b KQkq - 4 6	B57	Sicilian Sozin, not Scheveningen	11
r1bqkb1r/p3pp1p/2pp1np1/4P3/2B5/2N5/PPP2PPP/R1BQK2R b KQkq - 0 8	B57	Sicilian Magnus Smith trap	15
r1b1kb1r/pp2pppp/1qnp1n2/8/2BNP3/2N5/PPP2PPP/R1BQK2R w KQkq - 5 7	B57	Sicilian Sozin, Benko variation	12
r1bqkb1r/pp2pppp/2np1n2/8/3NP3/2N5/PPP1BPPP/R1BQK2R b KQkq - 1 6	B58	Sicilian classical	11
r1bqkb1r/pp3ppp/2np1n2/4p3/3NP3/2N5/PPP1BPPP/R1BQK2R w KQkq e6 0 7	B58	Sicilian Boleslavsky variation	12
r1bqkb1r/pp3ppp/2Np1n2/4p3/4P3/2N5/PPP1BPPP/R1BQK2R b KQkq - 0 7	B58	Sicilian Boleslavsky, Louma variation	13
r1bqkb1r/pp3ppp/2np1n2/4p3/4P3/1NN5/PPP1BPPP/R1BQK2R b KQkq - 1 7	B59	Sicilian Boleslavsky variation, 7.Nb3	13
r1bqkb1r/pp2pppp/2np1n2/6B1/3NP3/2N5/PPP2PPP/R2QKB1R b KQkq - 4 6	B60	Sicilian Richter-Rauzer	11
r1bqkb1r/pp2pp1p/2np1np1/6B1/3NP3/2N5/PPP2PPP/R2QKB1R w KQkq - 0 7	B60	Sicilian Richter-Rauzer, Bondarevsky variation	12
r2qkb1r/pp1bpppp/2np1n2/6B1/3NP3/2N5/PPP2PPP/R2QKB1R w KQkq - 5 7	B60	Sicilian Richter-Rauzer, Larsen variation	12
r2qkb1r/pp1bpppp/2np1n2/6B1/3NP3/2N5/PPPQ1PPP/R3KB1R b KQkq - 6 7	B61	Sicilian Richter-Rauzer, Larsen variation, 7.Qd2	13
r1bqkb1r/pp3ppp/2nppn2/6B1/3NP3/2N5/PPP2PPP/R2QKB1R w KQkq - 0 7	B62	Sicilian Richter-Rauzer, 6...e6	12
r1bqkb1r/pp3ppp/2nppn2/6B1/4P3/1NN5/PPP2PPP/R2QKB1R b KQkq - 1 7	B62	Sicilian Richter-Rauzer, Podvebrady variation	13
r1bqkb1r/pp3ppp/2nppn2/1B4B1/3NP3/2N5/PPP2PPP/R2QK2R b KQkq - 1 7	B62	Sicilian Richter-Rauzer, Margate (Alekhine) variation	13
r1bqkb1r/pp3ppp/2Nppn2/6B1/4P3/2N5/PPP2PPP/R2QKB1R b KQkq - 0 7	B62	Sicilian Richter-Rauzer, Richter attack	13
r1bqkb1r/pp3ppp/2nppn2/6B1/3NP3/2NQ4/PPP2PPP/R3KB1R b KQkq - 1 7	B62	Sicilian Richter-Rauzer, Keres variation	13
r1bqkb1r/pp3ppp/2nppn2/6B1/3NP3/2N5/PPPQ1PPP/R3KB1R b KQkq - 1 7	B63	Sicilian Richter-Rauzer, Rauzer attack	13
r1bqk2r/pp2bppp/2nppn2/6B1/3NP3/2N5/PPPQ1PPP/R3KB1R w KQkq - 2 8	B63	Sicilian Richter-Rauzer, Rauzer attack, 7...Be7	14
r1bqkb1r/1p3ppp/p1nppn2/6B1/3NP3/2N5/PPPQ1PPP/R3KB1R w KQkq - 0 8	B66	Sicilian Richter-Rauzer, Rauzer attack, 7...a6	14
r2qkb1r/1p1b1ppp/p1nppn2/6B1/3NP3/2N5/PPPQ1PPP/2KR1B1R w kq - 2 9	B67	Sicilian Richter-Rauzer, Rauzer attack, 7...a6 defence, 8...Bd7	16
rnbqkb1r/pp2pp1p/3p1np1/8/3NP3/2N5/PPP2PPP/R1BQKB1R w KQkq - 0 6	B70	Sicilian dragon variation	10
rnbqkb1r/pp2pp1p/3p1np1/8/3NPP2/2N5/PPP3PP/R1BQKB1R b KQkq f3 0 6	B71	Sicilian dragon, Levenfish variation	11
r1bqkb1r/pp1npp1p/3p1np1/8/3NPP2/2N5/PPP3PP/R1BQKB1R w KQkq - 1 7	B71	Sicilian dragon, Levenfish; Flohr variation	12
rnbqkb1r/pp2pp1p/3p1np1/8/3NP3/2N1B3/PPP2PPP/R2QKB1R b KQkq - 1 6	B72	Sicilian dragon, 6.Be3	11
rnbqk2r/pp2ppbp/3p1np1/8/3NP3/2N1B3/PPP1BPPP/R2QK2R b KQkq - 3 7	B72	Sicilian dragon, classical attack	13
r1bqk2r/pp2ppbp/2np1np1/8/3NP3/2N1B3/PPPQBPPP/R3K2R b KQkq - 5 8	B72	Sicilian dragon, classical, Amsterdam variation	15
r1bqk2r/pp2ppbp/2np1np1/8/4P3/1NN1B3/PPP1BPPP/R2QK2R b KQkq - 5 8	B72	Sicilian dragon, classical, Nottingham variation	15
r1bqk2r/pp2ppbp/2np1np1/8/3NP3/2N1B3/PPP1BPPP/R2Q1RK1 b kq - 5 8	B73	Sicilian dragon, classical, 8.O-O	15
rnbqk2r/pp2ppbp/3p1np1/8/3NP3/2N1BP2/PPP3PP/R2QKB1R b KQkq - 0 7	B75	Sicilian dragon, Yugoslav attack	13
rnbq1rk1/pp2ppbp/3p1np1/8/3NP3/2N1BP2/PPP3PP/R2QKB1R w KQ - 1 8	B76	Sicilian dragon, Yugoslav attack, 7...O-O	14
rnbqkb1r/pp3ppp/3ppn2/8/3NP3/2N5/PPP2PPP/R1BQKB1R w KQkq - 0 6	B80	Sicilian Scheveningen variation	10
rnbqkb1r/1p3ppp/p2ppn2/8/3NP3/2N1B3/PPPQ1PPP/R3KB1R b KQkq - 1 7	B80	Sicilian Scheveningen, English variation	13
rnbqkb1r/pp3ppp/3ppn2/1B6/3NP3/2N5/PPP2PPP/R1BQK2R b KQkq - 1 6	B80	Sicilian Scheveningen, Vitolins variation	11
rnbqkb1r/pp3ppp/3ppn2/8/3NP3/2N3P1/PPP2P1P/R1BQKB1R b KQkq - 0 6	B80	Sicilian Scheveningen, fianchetto variation	11
rnbqkb1r/pp3ppp/3ppn2/8/3NP1P1/2N5/PPP2P1P/R1BQKB1R b KQkq g3 0 6	B81	Sicilian Scheveningen, Keres attack	11
rnbqkb1r/pp3ppp/3ppn2/8/3NPP2/2N5/PPP3PP/R1BQKB1R b KQkq f3 0 6	B82	Sicilian Scheveningen, 6.f4	11
r1bqk2r/pp2bppp/2nppn2/8/3NPP2/2N1BQ2/PPP3PP/R3KB1R b KQkq - 4 8	B82	Sicilian Scheveningen, Tal variation	15
rnbqkb1r/pp3ppp/3ppn2/8/3NP3/2N5/PPP1BPPP/R1BQK2R b KQkq - 1 6	B83	Sicilian Scheveningen, 6.Be2	11
r1bqkb1r/pp3ppp/2nppn2/8/3NP3/2N5/PPP1BPPP/R1BQK2R w KQkq - 2 7	B83	Sicilian modern Scheveningen	12
rnbqkb1r/1p3ppp/p2ppn2/8/3NP3/2N5/PPP1BPPP/R1BQK2R w KQkq - 0 7	B84	Sicilian Scheveningen (Paulsen), classical variation	12
r1bqkb1r/1p1n1ppp/p2ppn2/8/3NP3/2N5/PPP1BPPP/R1BQ1RK1 w kq - 2 8	B84	Sicilian Scheveningen, classical, Nd7 system	14
rnb1kb1r/1pq2ppp/p2ppn2/8/3NP3/2N5/PPP1BPPP/R1BQ1RK1 w kq - 2 8	B84	Sicilian Scheveningen (Paulsen), classical variation	14
r1b1kb1r/1pq2ppp/p1nppn2/8/3NPP2/2N5/PPP1B1PP/R1BQ1RK1 w kq - 1 9	B85	Sicilian Scheveningen, classical variation with ...Qc7 and ...Nc6	16
rnbqkb1r/pp3ppp/3ppn2/8/2BNP3/2N5/PPP2PPP/R1BQK2R b KQkq - 1 6	B86	Sicilian Sozin attack	11
rnbqkb1r/5ppp/p2ppn2/1p6/3NP3/1BN5/PPP2PPP/R1BQK2R w KQkq b6 0 8	B87	Sicilian Sozin with ...a6 and ...b5	14
r1bqkb1r/pp3ppp/2nppn2/8/2BNP3/2N5/PPP2PPP/R1BQK2R w KQkq - 2 7	B88	Sicilian Sozin, Leonhardt variation	12
r1bqkb1r/pp3ppp/2nppn2/8/2BNP3/2N1B3/PPP2PPP/R2QK2R b KQkq - 3 7	B89	Sicilian Sozin, 7.Be3	13
r1bqk2r/pp2bppp/2nppn2/8/2BNP3/2N1B3/PPP1QPPP/R3K2R b KQkq - 5 8	B89	Sicilian Velimirovic attack	15
rnbqkb1r/1p2pppp/p2p1n2/8/3NP3/2N5/PPP2PPP/R1BQKB1R w KQkq - 0 6	B90	Sicilian Najdorf	10
rnbqkb1r/1p2pppp/p2p1n2/8/3NP3/2N4P/PPP2PP1/R1BQKB1R b KQkq - 0 6	B90	Sicilian Najdorf, Adams attack	11
rnbqkb1r/1p2pppp/p2p1n2/8/2BNP3/2N5/PPP2PPP/R1BQK2R b KQkq - 1 6	B90	Sicilian Najdorf, Lipnitzky attack	11
rnbqkb1r/1p2pppp/p2p1n2/8/3NP3/2N1B3/PPP2PPP/R2QKB1R b KQkq - 1 6	B90	Sicilian Najdorf, Byrne (English) attack	11
rnbqkb1r/1p2pppp/p2p1n2/8/3NP3/2N3P1/PPP2P1P/R1BQKB1R b KQkq - 0 6	B91	Sicilian Najdorf, Zagreb (fianchetto) variation	11
rnbqkb1r/1p2pppp/p2p1n2/8/3NP3/2N5/PPP1BPPP/R1BQK2R b KQkq - 1 6	B92	Sicilian Najdorf, Opovcensky variation	11
rnbqkb1r/1p2pppp/p2p1n2/8/3NPP2/2N5/PPP3PP/R1BQKB1R b KQkq f3 0 6	B93	Sicilian Najdorf, 6.f4	11
rnbqkb1r/1p2pppp/p2p1n2/6B1/3NP3/2N5/PPP2PPP/R2QKB1R b KQkq - 1 6	B94	Sicilian Najdorf, 6.Bg5	11
rnbqkb1r/1p3ppp/p2ppn2/6B1/3NP3/2N5/PPP2PPP/R2QKB1R w KQkq - 0 7	B95	Sicilian Najdorf, 6...e6	12
rnbqkb1r/1p3ppp/p2ppn2/6B1/3NPP2/2N5/PPP3PP/R2QKB1R b KQkq f3 0 7	B96	Sicilian Najdorf, 7.f4	13
rnbqkb1r/5ppp/p2ppn2/1p4B1/3NPP2/2N5/PPP3PP/R2QKB1R w KQkq b6 0 8	B96	Sicilian Najdorf, Polugayevsky variation	14
rnb1kb1r/1p3ppp/pq1ppn2/6B1/3NPP2/2N5/PPP3PP/R2QKB1R w KQkq - 1 8	B97	Sicilian Najdorf, 7...Qb6	14
rnbqk2r/1p2bppp/p2ppn2/6B1/3NPP2/2N5/PPP3PP/R2QKB1R w KQkq - 1 8	B98	Sicilian Najdorf, 7...Be7	14
rnb1k2r/1pq1bppp/p2ppn2/6B1/3NPP2/2N2Q2/PPP3PP/R3KB1R w KQkq - 3 9	B98	Sicilian Najdorf variation	16
rnbqkbnr/pp3ppp/4p3/2ppP3/1P6/5N2/P1PP1PPP/RNBQKB1R b KQkq b3 0 4	C00	French Wing gambit	7
r1bqkb1r/ppp2ppp/2n1pn2/3p4/4P3/3P1N2/PPPNBPPP/R1BQK2R b KQkq - 5 5	C00	French Reversed Philidor formation	9
rnbqkb1r/ppp2ppp/5n2/3p2B1/3P4/2N5/PPP2PPP/R2QKBNR b KQkq - 3 5	C01	French exchange, Svenonius variation	9
r1bqkb1r/ppp2ppp/2n2n2/3p2B1/3P4/2N5/PPP2PPP/R2QKBNR w KQkq - 4 6	C01	French exchange, Bogolyubov variation	10
rnbqkbnr/pp3ppp/4p3/2PpP3/8/8/PPP2PPP/RNBQKBNR b KQkq - 0 4	C02	French advance, Steinitz variation	7
rnbqkbnr/pp3ppp/4p3/2ppP3/3P2Q1/8/PPP2PPP/RNB1KBNR b KQkq - 1 4	C02	French advance, Nimzovich variation	7
rnbqkbnr/pp3ppp/4p3/2ppP3/3P4/5N2/PPP2PPP/RNBQKB1R b KQkq - 1 4	C02	French advance, Nimzovich system	7
rnbqkbnr/pp3ppp/4p3/2ppP3/3P4/2P5/PP3PPP/RNBQKBNR b KQkq - 0 4	C02	French advance variation	7
rn2kbnr/pp1b1ppp/1q2p3/2ppP3/3P4/2P2N2/PP3PPP/RNBQKB1R w KQkq - 3 6	C02	French advance, Wade variation	10
r1bqkbnr/pp3ppp/2n1p3/2ppP3/3P4/2P5/PP3PPP/RNBQKBNR w KQkq - 1 5	C02	French advance variation	8
r1bqkbnr/pp3ppp/2n1p3/2ppP3/3P4/2P2N2/PP3PPP/RNBQKB1R b KQkq - 2 5	C02	French advance, Paulsen attack	9
r1b1kbnr/pp3ppp/1qn1p3/2ppP3/3P4/2PB1N2/PP3PPP/RNBQK2R b KQkq - 4 6	C02	French advance, Milner-Barry gambit	11
r2qkbnr/pp1b1ppp/2n1p3/2ppP3/3P4/2P2N2/PP3PPP/RNBQKB1R w KQkq - 3 6	C02	French advance, Euwe variation	10
rnbqkbnr/ppp3pp/4p3/3p1p2/3PP3/8/PPPN1PPP/R1BQKBNR w KQkq f6 0 4	C03	French Tarrasch, Haberditz variation	6
r1bqkbnr/ppp2ppp/2n1p3/3p4/3PP3/8/PPPN1PPP/R1BQKBNR w KQkq - 2 4	C03	French Tarrasch, Guimard variation	6
r1bqkb1r/ppp2ppp/2n1pn2/3p4/3PP3/5N2/PPPN1PPP/R1BQKB1R w KQkq - 4 5	C04	French Tarrasch, Guimard main line	8
rnbqkb1r/ppp2ppp/4pn2/3p4/3PP3/8/PPPN1PPP/R1BQKBNR w KQkq - 2 4	C05	French Tarrasch, closed variation	6
rnbqkb1r/p2n1ppp/1p2p3/2ppP3/3P4/2PB4/PP1N1PPP/R1BQK1NR w KQkq - 0 7	C05	French Tarrasch, Botvinnik variation	12
r1bqkb1r/pp1n1ppp/2n1p3/2ppP3/3P4/2PB4/PP1N1PPP/R1BQK1NR w KQkq - 1 7	C05	French Tarrasch, closed variation	12
r1bqkb1r/pp1n1ppp/2n1p3/3pP3/3P4/3B4/PP1NNPPP/R1BQK2R b KQkq - 0 8	C06	French Tarrasch, closed variation, main line	15
r1bqkb1r/pp3ppp/1nn1p3/3pP3/3P4/3B4/PP1NNPPP/R1BQK2R w KQkq - 1 9	C06	French Tarrasch, Leningrad variation	16
rnbqkbnr/pp3ppp/4p3/2pp4/3PP3/8/PPPN1PPP/R1BQKBNR w KQkq c6 0 4	C07	French Tarrasch, open variation	6
rnbqkbnr/pp3ppp/4p3/8/2Bp4/5N2/PPPN1PPP/R1BQK2R w KQkq - 2 7	C07	French Tarrasch, Eliskases variation	12
rnbqkbnr/pp3ppp/8/2pp4/3P4/8/PPPN1PPP/R1BQKBNR w KQkq - 0 5	C08	French Tarrasch, open, 4.ed ed	8
r1bqkbnr/pp3ppp/2n5/2pp4/3P4/5N2/PPPN1PPP/R1BQKB1R w KQkq - 2 6	C09	French Tarrasch, open variation, main line	10
rnbqkbnr/pp3ppp/4p3/2pp4/3PP3/2N5/PPP2PPP/R1BQKBNR w KQkq c6 0 4	C10	French Marshall variation	6
rnbqkbnr/ppp2ppp/4p3/8/3Pp3/2N5/PPP2PPP/R1BQKBNR w KQkq - 0 4	C10	French Rubinstein variation	6
rn1qkbnr/ppp2ppp/2b1p3/8/3PN3/5N2/PPP2PPP/R1BQKB1R w KQkq - 3 6	C10	French Fort Knox variation	10
r1bqkbnr/pppn1ppp/4p3/8/3PN3/8/PPP2PPP/R1BQKBNR w KQkq - 1 5	C10	French Rubinstein variation	8
r1bqkb1r/ppp2ppp/4pn2/4N3/3P4/8/PPP2PPP/R1BQKB1R b KQkq - 1 7	C10	French Rubinstein, Capablanca line	13
rnb1kbnr/ppp2ppp/4p3/3q4/3PN3/8/PPP2PPP/R1BQKBNR w KQkq - 1 5	C10	French Frere (Becker) variation	8
rnbqkb1r/ppp2ppp/4pn2/3p4/3PP3/2N5/PPP2PPP/R1BQKBNR w KQkq - 2 4	C11	French defence	6
rnbqkb1r/ppp2ppp/4pn2/3p4/3PP3/2NB4/PPP2PPP/R1BQK1NR b KQkq - 3 4	C11	French Swiss variation	7
rnbqkb1r/ppp2ppp/4pn2/3p4/3PP3/2N1B3/PPP2PPP/R2QKBNR b KQkq - 3 4	C11	French Henneberger variation	7
rnbqkb1r/ppp2ppp/4pn2/3pP3/3P4/2N5/PPP2PPP/R1BQKBNR b KQkq - 0 4	C11	French Steinitz variation	7
rnbqk2r/pp1n1ppp/4p3/2bpP3/5PQ1/2N5/PPP3PP/R1B1KBNR b KQkq - 1 7	C11	French Steinitz, Bradford attack	13
r1bqkb1r/pp1n1ppp/2n1p3/2PpP3/5P2/2N5/PPP3PP/R1BQKBNR w KQkq - 1 7	C11	French Steinitz variation	12
rnbqkb1r/pp1n1ppp/4p3/2ppP3/3P1P2/2N2N2/PPP3PP/R1BQKB1R b KQkq - 1 6	C11	French Steinitz variation	11
r1bqkb1r/pp1n1ppp/2n1p3/2ppP3/3P1P2/2N1BN2/PPP3PP/R2QKB1R b KQkq - 3 7	C11	French Steinitz, Boleslavsky variation	13
rnbqkb1r/pppn1ppp/4p3/3pP3/3P2Q1/2N5/PPP2PPP/R1B1KBNR b KQkq - 2 5	C11	French Steinitz, Gledhill attack	9
rnbqkb1r/ppp2ppp/4pn2/6B1/3Pp3/2N5/PPP2PPP/R2QKBNR w KQkq - 0 5	C11	French Burn variation	8
rnbqk2r/ppp2ppp/4pn2/3p2B1/1b1PP3/2N5/PPP2PPP/R2QKBNR w KQkq - 4 5	C12	French MacCutcheon variation	8
rnb1k2r/ppp2p1p/4pp2/q7/1b1P4/2N5/PPPQ1PPP/R3KBNR w KQkq - 2 8	C12	French MacCutcheon, Bogolyubov variation	14
rnbqk2r/ppp2ppp/4pn2/3pP1B1/1b1P4/2N5/PPP2PPP/R2QKBNR b KQkq - 0 5	C12	French MacCutcheon, advance variation	9
rnbqk2r/ppp2pp1/4pP1p/3p2B1/1b1P4/2N5/PPP2PPP/R2QKBNR b KQkq - 0 6	C12	French MacCutcheon, Chigorin variation	11
rnbqk2r/ppp2pp1/4pn1p/3pP3/1b1P3B/2N5/PPP2PPP/R2QKBNR b KQkq - 1 6	C12	French MacCutcheon, Bernstein variation	11
rnbqk2r/ppp2pp1/4pn1p/3pP3/1b1P4/2N1B3/PPP2PPP/R2QKBNR b KQkq - 1 6	C12	French MacCutcheon, Janowski variation	11
rnbqk2r/ppp2pp1/4pn1p/3pP3/1b1P4/2N5/PPP2PPP/R1BQKBNR b KQkq - 1 6	C12	French MacCutcheon, Dr. Olland (Dutch) variation	11
rnbqk2r/pppn1pp1/4p2p/3pP3/1b1P4/2N5/PPPB1PPP/R2QKBNR w KQkq - 2 7	C12	French MacCutcheon, Tartakower variation	12
rnbqk2r/ppp2pp1/4pn1p/3pP3/3P4/2b5/PPPB1PPP/R2QKBNR w KQkq - 0 7	C12	French MacCutcheon, Lasker variation	12
rnbqk2r/ppp2p2/4p1pp/3pP3/3Pn1Q1/2P5/P1PB1PPP/R3KBNR w KQkq - 0 9	C12	French MacCutcheon, Lasker variation, 8...g6	16
rnbqk2r/ppp1bppp/4pn2/3p2B1/3PP3/2N5/PPP2PPP/R2QKBNR w KQkq - 4 5	C13	French classical	8
rnbqk2r/ppp1bppp/4pB2/3p4/3PP3/2N5/PPP2PPP/R2QKBNR b KQkq - 0 5	C13	French classical, Anderssen variation	9
rnbqk2r/ppp1bppp/4p3/3pP3/3P2Q1/2N5/PPP2PPP/R3KBNR b KQkq - 2 7	C13	French classical, Anderssen-Richter variation	13
rnbqk1nr/ppp1bppp/4p3/3pP1B1/3P4/2N5/PPP2PPP/R2QKBNR w KQkq - 1 6	C13	French classical, Vistaneckis (Nimzovich) variation	10
rnbqk1nr/p1p1bppp/1p2p3/3pP3/3P4/2N1B3/PPP2PPP/R2QKBNR w KQkq - 0 7	C13	French classical, Frankfurt variation	12
rnbqk2r/ppp1bppp/4p3/3pP1B1/3Pn3/2N5/PPP2PPP/R2QKBNR w KQkq - 1 6	C13	French classical, Tartakower variation	10
rnbqk2r/pppnbppp/4p3/3pP1B1/3P3P/2N5/PPP2PP1/R2QKBNR b KQkq h3 0 6	C13	French Albin-Alekhine-Chatard attack	11
rnbqk2r/1ppnbppp/p3p3/3pP1B1/3P3P/2N5/PPP2PP1/R2QKBNR w KQkq - 0 7	C13	French Albin-Alekhine-Chatard attack, Maroczy variation	12
rnbqk2r/pp1nbppp/4p3/2ppP1B1/3P3P/2N5/PPP2PP1/R2QKBNR w KQkq c6 0 7	C13	French Albin-Alekhine-Chatard attack, Breyer variation	12
rnbqk2r/pppnb1pp/4pp2/3pP1B1/3P3P/2N5/PPP2PP1/R2QKBNR w KQkq - 0 7	C13	French Albin-Alekhine-Chatard attack, Teichmann variation	12
rnbq1rk1/pppnbppp/4p3/3pP1B1/3P3P/2N5/PPP2PP1/R2QKBNR w KQ - 1 7	C13	French Albin-Alekhine-Chatard attack, Spielmann variation	12
rnb1k2r/pppnqppp/4p3/3pP3/3P4/2N5/PPP2PPP/R2QKBNR w KQkq - 0 7	C14	French classical variation	12
rnb1k2r/pppnqppp/4p3/3pP3/3P4/2NB4/PPP2PPP/R2QK1NR b KQkq - 1 7	C14	French classical, Tarrasch variation	13
rnb1k2r/pppnqppp/4p3/3pP3/3P4/2N5/PPPQ1PPP/R3KBNR b KQkq - 1 7	C14	French classical, Rubinstein variation	13
rnb1k2r/pppnqppp/4p3/1N1pP3/3P4/8/PPP2PPP/R2QKBNR b KQkq - 1 7	C14	French classical, Alapin variation	13
rnb1k2r/pppnqppp/4p3/3pP3/3P2Q1/2N5/PPP2PPP/R3KBNR b KQkq - 1 7	C14	French classical, Pollock variation	13
rnb1k2r/pppnqppp/4p3/3pP3/3P1P2/2N5/PPP3PP/R2QKBNR b KQkq f3 0 7	C14	French classical, Steinitz variation	13
rnbqk1nr/ppp2ppp/4p3/3p4/1b1PP3/2N5/PPP2PPP/R1BQKBNR w KQkq - 2 4	C15	French Winawer (Nimzovich) variation	6
rnb1k1nr/pp3ppp/4p3/2pq4/1b1P4/2NB4/PPPB1PPP/R2QK1NR b KQkq - 1 6	C15	French Winawer, Kondratiyev variation	11
rnbqk1nr/ppp2ppp/4p3/3p4/1b1PP3/2N5/PPPB1PPP/R2QKBNR b KQkq - 3 4	C15	French Winawer, fingerslip variation	7
rnbqk1nr/ppp2ppp/4p3/3p4/1b1PP3/2N5/PPP1NPPP/R1BQKB1R b KQkq - 3 4	C15	French Winawer, Alekhine (Maroczy) gambit	7
r1bq1rk1/ppp1bppp/2n1pn2/8/3PN3/P5N1/1PP1BPPP/R1BQK2R w KQ - 5 9	C15	French Winawer, Alekhine gambit, Alatortsev variation	16
rnbqk1nr/ppp2ppp/4p3/8/3Pp3/P1b5/1PP1NPPP/R1BQKB1R w KQkq - 0 6	C15	French Winawer, Alekhine gambit	10
r1bqk1nr/ppp2ppp/2n1p3/8/3Pp3/P1N5/1PP2PPP/R1BQKB1R w KQkq - 1 7	C15	French Winawer, Alekhine gambit, Kan variation	12
rnbqk1nr/ppp2ppp/4p3/3pP3/1b1P4/2N5/PPP2PPP/R1BQKBNR b KQkq - 0 4	C16	French Winawer, advance variation	7
rnb1k1nr/pppq1ppp/4p3/3pP3/1b1P4/2N5/PPP2PPP/R1BQKBNR w KQkq - 1 5	C16	French Winawer, Petrosian variation	8
rnbqk1nr/pp3ppp/4p3/2ppP3/1b1P4/2N5/PPP2PPP/R1BQKBNR w KQkq c6 0 5	C17	French Winawer, advance variation	8
rnbqk1nr/pp3ppp/4p3/2ppP3/1b1P4/2N5/PPPB1PPP/R2QKBNR b KQkq - 1 5	C17	French Winawer, advance, Bogolyubov variation	9
rnbqk1nr/pp3ppp/4p3/2ppP3/1b1P2Q1/2N5/PPP2PPP/R1B1KBNR b KQkq - 1 5	C17	French Winawer, advance, Russian variation	9
rnbqk1nr/pp3ppp/4p3/2ppP3/1b1P4/P1N5/1PP2PPP/R1BQKBNR b KQkq - 0 5	C17	French Winawer, advance, 5.a3	9
rnbqk1nr/pp3ppp/4p3/3pP3/1P6/2p2N2/1PP2PPP/R1BQKB1R b KQkq - 1 7	C17	French Winawer, advance, Rauzer variation	13
rnbqk1nr/pp3ppp/4p3/2ppP3/3P4/P1P5/2P2PPP/R1BQKBNR b KQkq - 0 6	C18	French Winawer, advance variation	11
rnb1k1nr/ppq2ppp/4p3/2ppP3/3P4/P1P5/2P2PPP/R1BQKBNR w KQkq - 1 7	C18	French Winawer, classical variation	12
rnbqk2r/pp2nppp/4p3/2ppP3/3P4/P1P5/2P2PPP/R1BQKBNR w KQkq - 1 7	C19	French Winawer, advance, 6...Ne7	12
rnbqk2r/pp2nppp/4p3/2ppP3/P2P4/2P5/2P2PPP/R1BQKBNR b KQkq - 0 7	C19	French Winawer, advance, Smyslov variation	13
rnbqk2r/pp2nppp/4p3/2ppP3/3P4/P1P2N2/2P2PPP/R1BQKB1R b KQkq - 2 7	C19	French Winawer, advance, positional main line	13
rnbqk2r/pp2nppp/4p3/2ppP3/3P2Q1/P1P5/2P2PPP/R1B1KBNR b KQkq - 2 7	C19	French Winawer, advance, poisoned pawn variation	13
rnbqkbnr/p2p1ppp/8/1pp5/2BpP3/5N2/PPP2PPP/RNBQK2R w KQkq b6 0 5	C21	Centre game, Kieseritsky variation	8
rnb1kbnr/ppppqppp/8/8/2B1P3/8/PB3PPP/RN1QK1NR w KQkq - 1 6	C21	Danish gambit Collijn defence	10
rnbqkbnr/ppp2ppp/8/3p4/2B1P3/8/PB3PPP/RN1QK1NR w KQkq d6 0 6	C21	Danish gambit Schlechter defence	10
rnbqkbnr/ppp2ppp/8/3p4/3pP3/2P5/PP3PPP/RNBQKBNR w KQkq d6 0 4	C21	Danish gambit Soerensen defence	6
r1bqkbnr/pppp1ppp/2n5/8/3QP3/8/PPP2PPP/RNB1KBNR w KQkq - 1 4	C22	Centre game	6
r1bqkbnr/pppp1ppp/2n5/8/4P3/4Q3/PPP2PPP/RNB1KBNR b KQkq - 2 4	C22	Centre game Paulsen attack	7
r1bqk1nr/ppppbppp/2n5/8/4P3/2P1Q3/PP3PPP/RNB1KBNR w KQkq - 1 6	C22	Centre game Charousek variation	10
r1bqkbnr/pppp2pp/2n5/5p2/4P3/4Q3/PPP2PPP/RNB1KBNR w KQkq f6 0 5	C22	Centre game l'Hermet variation	8
r1bqkb1r/pppp1ppp/2n2n2/8/4P3/4Q3/PPP2PPP/RNB1KBNR w KQkq - 3 5	C22	Centre game Berger variation	8
r1bqkbnr/pppp1ppp/2n5/8/2Q1P3/8/PPP2PPP/RNB1KBNR b KQkq - 2 4	C22	Centre game Hall variation	7
r2qkbnr/pp3ppp/8/3pn3/8/8/PPP1NPPP/RNBQK2R b KQkq - 1 8	C23	Bishop's opening Lisitsyn variation	15
r1bqk2r/pppp1ppp/2n2n2/2b1p3/2B1PP2/2P5/PP1PQ1PP/RNB1K1NR b KQkq f3 0 5	C23	Bishop's opening Lopez gambit	9
rnbq1rk1/ppp2ppp/5P2/2b4Q/2pp4/2P5/PP3PPP/RNB1K1NR w KQ - 2 8	C23	Bishop's opening Pratt variation	14
rnbqk1nr/ppp2ppp/8/2bpp3/2B1P3/2P5/PP1P1PPP/RNBQK1NR w KQkq d6 0 4	C23	Bishop's opening Lewis counter-gambit	6
rnb1k1nr/pppp1ppp/8/2b1p1q1/2B1P3/2P5/PP1P1PPP/RNBQK1NR w KQkq - 1 4	C23	Bishop's opening del Rio variation	6
rnbqk1nr/pppp1ppp/8/4p3/1bB1PP2/8/P1PP2PP/RNBQK1NR b KQkq f3 0 4	C23	Bishop's opening MacDonnell double gambit	7
rnbqkb1r/pppp1ppp/5n2/8/2BpP3/5N2/PPP2PPP/RNBQK2R b KQkq - 1 4	C24	Bishop's opening Urusov gambit	7
rnb1k2r/ppp1qppp/5n2/3P4/1bBp4/2P2N2/PP3PPP/RNBQK2R w KQkq - 1 7	C24	Bishop's opening Urusov gambit, Panov variation	12
rnbqk2r/pppp1ppp/5n2/4p3/1b2P1Q1/2N5/PPPP1PPP/R1B1KBNR w KQkq - 4 4	C25	Vienna Zhuravlev countergambit	6
r1bqkbnr/pppp1ppp/2n5/8/3PPp2/2N5/PPP3PP/R1BQKBNR b KQkq d3 0 4	C25	Vienna Steinitz gambit	7
r1b1kbnr/ppp2ppp/2n5/3p4/3PPp1q/2N5/PPP1K1PP/R1BQ1BNR w kq d6 0 6	C25	Vienna Steinitz gambit, Zukertort defence	10
r1b1kbnr/p1pp1ppp/1pn5/8/3PPp1q/2N5/PPP1K1PP/R1BQ1BNR w kq - 0 6	C25	Vienna Steinitz gambit, Fraser-Minckwitz variation	10
r1bqkbnr/pppp1ppp/2n5/8/4Pp2/2N2N2/PPPP2PP/R1BQKB1R b KQkq - 1 4	C25	Vienna gambit	7
r1bqkbnr/pppp1p1p/2n5/6N1/4PppP/2N5/PPPP2P1/R1BQKB1R b KQkq - 1 6	C25	Vienna Hamppe-Allgaier gambit	11
r1bqkbnr/ppp2p1p/2np4/6N1/4PppP/2N5/PPPP2P1/R1BQKB1R w KQkq - 0 7	C25	Vienna Hamppe-Allgaier gambit, Alapin variation	12
r1bqkbnr/pppp1p1p/2n5/8/2B1Ppp1/2N2N2/PPPP2PP/R1BQ1RK1 b kq - 1 6	C25	Vienna Hamppe-Muzio gambit	11
r1b1kbnr/pppp1p1p/5q2/4n3/2B1PQ2/2N5/PPPP2PP/R1B2RK1 w kq - 1 9	C25	Vienna Hamppe-Muzio, Dubois variation	16
r1bqkbnr/pppp1p1p/2n5/6p1/3PPp2/2N2N2/PPP3PP/R1BQKB1R b KQkq d3 0 5	C25	Vienna Pierce gambit	9
rnbqkb1r/pppp1ppp/8/4p3/2B1n3/2N5/PPPP1PPP/R1BQK1NR w KQkq - 0 4	C27	Vienna game	6
r1bqkb1r/pppp1ppp/2nn4/4p2Q/3P4/1BN5/PPP2PPP/R1B1K1NR b KQkq d3 0 6	C27	Vienna Adams' gambit	11
rnbqk2r/ppppbppp/3n4/4p2Q/8/1BN5/PPPP1PPP/R1B1K1NR w KQkq - 4 6	C27	Vienna game	10
r1bqk2r/ppppbppp/2nn4/4N2Q/8/1BN5/PPPP1PPP/R1B1K2R b KQkq - 0 7	C27	Vienna Alekhine variation	13
rnbqkb1r/pppp1ppp/8/4p3/2B1n3/2N2N2/PPPP1PPP/R1BQK2R b KQkq - 1 4	C27	Boden-Kieseritsky gambit	7
rnbqkb1r/ppp2ppp/8/3pp3/2B1n3/2N2N2/PPPP1PPP/R1BQK2R w KQkq d6 0 5	C27	Boden-Kieseritsky gambit Lichtenhein defence	8
r1bqkb1r/pppp1ppp/2n2n2/4p3/2B1P3/2N5/PPPP1PPP/R1BQK1NR w KQkq - 4 4	C28	Vienna game	6
rnbqkb1r/ppp2ppp/5n2/3pp3/4PP2/2N5/PPPP2PP/R1BQKBNR w KQkq d6 0 4	C29	Vienna gambit	6
rn1qkb1r/ppp2ppp/8/3pP3/4n1b1/2N2N2/PPPPQ1PP/R1B1KB1R b KQkq - 3 6	C29	Vienna gambit Kaufmann variation	11
rnbqk2r/ppp1bppp/8/3pP3/4n3/2N2N2/PPPP2PP/R1BQKB1R w KQkq - 2 6	C29	Vienna gambit Breyer variation	10
rnbqkb1r/ppp2ppp/8/3pP3/4n3/2N2Q2/PPPP2PP/R1B1KBNR b KQkq - 1 5	C29	Vienna gambit Paulsen attack	9
rnbqkb1r/ppp3pp/8/3pPp2/4n3/2N2Q2/PPPP2PP/R1B1KBNR w KQkq f6 0 6	C29	Vienna gambit Bardeleben variation	10
rnbqkb1r/ppp3pp/8/3pPp2/3Pn3/2N2Q2/PPP3PP/R1B1KBNR b KQkq d3 0 6	C29	Vienna gambit Heyde variation	11
rnbqkb1r/ppp2ppp/8/3pP3/4n3/2NP4/PPP3PP/R1BQKBNR b KQkq - 0 5	C29	Vienna gambit	9
rnb1kb1r/ppp2ppp/8/3NP2q/8/3P1Nn1/PPP4P/R1BQKB1R b KQkq - 0 8	C29	Vienna gambit, Wurzburger trap	15
rnbqkb1r/ppp2ppp/5n2/3pp3/4PP2/2NP4/PPP3PP/R1BQKBNR b KQkq - 0 4	C29	Vienna gambit, Steinitz variation	7
rnb1kbnr/ppppqppp/8/4p3/4PP2/6P1/PPPP3P/RNBQKBNR w KQkq - 1 4	C30	KGD Keene's defence	6
rnb1k1nr/pppp1ppp/8/4p3/1bB1Pq2/2N2N2/PPPP2PP/R1BQK2R b KQkq - 3 5	C30	KGD Norwalde variation, Buecker gambit	9
r2qk2r/ppp2ppp/2np1n2/2b5/2B1Pp2/2NP1Q1P/PPP3P1/R1B1K2R w KQkq - 0 9	C30	KGD classical, Svenonius variation	16
r1bqk1nr/pppn1ppp/3p4/2b1p3/4PP2/2N2N2/PPPP2PP/R1BQKB1R w KQkq - 2 5	C30	KGD classical, Hanham variation	8
rnbqk1nr/ppp2ppp/3p4/2b1p3/4PP2/2P2N2/PP1P2PP/RNBQKB1R b KQkq - 0 4	C30	KGD classical, 4.c3	7
rn1qk1nr/ppp2ppp/8/2b1p3/Q3P1b1/2P2N2/PP1P2PP/RNB1KB1R b KQkq - 1 6	C30	KGD classical, Marshall attack	11
rnbqk1nr/ppp3pp/3p4/2b1pp2/4PP2/2P2N2/PP1P2PP/RNBQKB1R w KQkq f6 0 5	C30	KGD classical counter-gambit	8
rnbqk1nr/ppp3pp/8/2b2p2/2BpP3/2P2N2/PP4PP/RNBQK2R b KQkq - 1 7	C30	KGD classical, Reti variation	13
rnbqk1nr/ppp2ppp/3p4/2b1P3/4P3/5N2/PPPP2PP/RNBQKB1R b KQkq - 0 4	C30	KGD classical, Soldatenkov variation	7
rnbqk1nr/ppp2ppp/3p4/2b1p3/1P2PP2/5N2/P1PP2PP/RNBQKB1R b KQkq b3 0 4	C30	KGD classical, Heath variation	7
rnbqkbnr/pp3ppp/2p5/3Pp3/5P2/8/PPPP2PP/RNBQKBNR w KQkq - 0 4	C31	KGD Nimzovich counter-gambit	6
rnbqkbnr/ppp2ppp/8/3P4/4pP2/8/PPPP2PP/RNBQKBNR w KQkq - 0 4	C31	KGD Falkbeer, 3...e4	6
rnbqkb1r/ppp2ppp/5n2/3P4/4pP2/2N5/PPPPQ1PP/R1B1KBNR b KQkq - 3 5	C31	KGD Falkbeer, Rubinstein variation	9
rnbqkbnr/ppp2ppp/8/1B1P4/4pP2/8/PPPP2PP/RNBQK1NR b KQkq - 1 4	C31	KGD Falkbeer, Nimzovich variation	7
rnbqkbnr/ppp2ppp/8/3P4/4pP2/3P4/PPP3PP/RNBQKBNR b KQkq - 0 4	C31	KGD Falkbeer, 4.d3	7
rnbqk2r/ppp2ppp/5n2/3P4/1b3P2/2NPp3/PPPB2PP/R2QKBNR w KQkq - 0 7	C31	KGD Falkbeer, Morphy gambit	12
rnbqkb1r/ppp2ppp/5n2/3P4/4PP2/8/PPP3PP/RNBQKBNR b KQkq - 0 5	C32	KGD Falkbeer, 5.de	9
rn1qk2r/ppp2ppp/8/2bP1b2/4nP2/5N2/PPP1Q1PP/RNB1KB1R w KQkq - 4 8	C32	KGD Falkbeer, main line, 7...Bf5	14
rn1q1rk1/ppp2ppp/8/2bP1b2/4nPP1/5N2/PPP1Q2P/RNB1KB1R w KQ - 1 9	C32	KGD Falkbeer, Tarrasch variation	16
rnbqkb1r/ppp2ppp/8/3P4/4nP2/8/PPP1Q1PP/RNB1KBNR b KQkq - 1 6	C32	KGD Falkbeer, Charousek gambit	11
rnb1kb1r/ppp3pp/8/3q1p2/4nPP1/8/PPPNQ2P/R1B1KBNR b KQkq g3 0 8	C32	KGD Falkbeer, Charousek variation	15
rnbqkb1r/ppp2ppp/5n2/3P4/4pP2/3P4/PPPN2PP/R1BQKBNR b KQkq - 2 5	C32	KGD Falkbeer, Keres variation	9
rnbqkb1r/ppp2ppp/5n2/3P4/4pP2/3P4/PPP1Q1PP/RNB1KBNR b KQkq - 2 5	C32	KGD Falkbeer, Reti variation	9
rnb1kbnr/ppp2p1p/8/3B2p1/4Pp1q/6P1/PPPP3P/RNBQ1KNR b kq - 0 6	C33	KGA bishop's gambit, Chigorin's attack	11
rnb1k1nr/pppp1ppp/8/2b5/2B1Pp1q/8/PPPP2PP/RNBQ1KNR w kq - 4 5	C33	KGA bishop's gambit, Greco variation	8
rnb1kbnr/pppp1p1p/8/6p1/2B1Pp1q/8/PPPP2PP/RNBQ1KNR w kq g6 0 5	C33	KGA bishop's gambit, classical defence	8
rnb1k1nr/ppp2pbp/3p4/4P1p1/2BP1p1q/2N5/PPP3PP/R1BQ1KNR b kq - 0 7	C33	KGA bishop's gambit, Grimm attack	13
rnb1k2r/ppppnpbp/8/6p1/2BPPp1q/2N5/PPP3PP/R1BQ1KNR w kq - 1 7	C33	KGA bishop's gambit, classical defence	12
rnb1k2r/ppppnpbp/8/6p1/2BPPp1q/2N3P1/PPP4P/R1BQ1KNR b kq - 0 7	C33	KGA bishop's gambit, McDonnell attack	13
rnb1k1nr/pppp1pbp/8/6p1/2B1Pp1q/2N3P1/PPPP3P/R1BQ1KNR b kq - 0 6	C33	KGA bishop's gambit, McDonnell attack	11
rnb1k1nr/pppp1pbp/8/6p1/2B1P2q/2N2Qp1/PPPP3P/R1B2KNR b kq - 1 7	C33	KGA bishop's gambit, Fraser variation	13
rnb1kbnr/pppp1p1p/8/6p1/2B1Pp1q/5Q2/PPPP2PP/RNB2KNR b kq - 1 5	C33	KGA bishop's gambit, classical defence, Cozio attack	9
r1b1kbnr/pppp1ppp/2n5/8/2B1Pp1q/8/PPPP2PP/RNBQ1KNR w kq - 4 5	C33	KGA bishop's gambit, Boden defence	8
rnb1kbnr/p1pp1ppp/8/1p6/2B1Pp1q/8/PPPP2PP/RNBQ1KNR w kq b6 0 5	C33	KGA bishop's gambit, Bryan counter-gambit	8
rnbqkbnr/p1pp1ppp/8/1p6/2B1Pp2/8/PPPP2PP/RNBQK1NR w KQkq b6 0 4	C33	KGA bishop's gambit, Bryan counter-gambit	6
rnbqkb1r/ppppnppp/8/8/2B1Pp2/8/PPPP2PP/RNBQK1NR w KQkq - 2 4	C33	KGA bishop's gambit, Steinitz defence	6
r1bqkbnr/pppp1ppp/2n5/8/2B1Pp2/8/PPPP2PP/RNBQK1NR w KQkq - 2 4	C33	KGA bishop's gambit, Maurian defence	6
rnbqkbnr/pp1p1ppp/2p5/8/2B1Pp2/8/PPPP2PP/RNBQK1NR w KQkq - 0 4	C33	KGA bishop's gambit, Ruy Lopez defence	6
rnbqkbnr/pppp2pp/8/5p2/2B1Pp2/8/PPPP2PP/RNBQK1NR w KQkq f6 0 4	C33	KGA bishop's gambit, Lopez-Gianutio counter-gambit	6
rnbk1bnr/pppp2pp/8/8/2B1pp1q/2N5/PPPPQ1PP/R1BK2NR w - - 2 7	C33	KGA Lopez-Gianutio counter-gambit, Hein variation	12
rnbqkbnr/ppp2ppp/8/3p4/2B1Pp2/8/PPPP2PP/RNBQK1NR w KQkq d6 0 4	C33	KGA bishop's gambit, Bledow variation	6
rnb1k1nr/ppp2ppp/3b4/3B4/4Pp1q/8/PPPP2PP/RNBQ1KNR w kq - 3 6	C33	KGA bishop's gambit, Boren-Svenonius variation	10
rnbqkbnr/pp3ppp/2p5/3B4/4Pp2/8/PPPP2PP/RNBQK1NR w KQkq - 0 5	C33	KGA bishop's gambit, Anderssen variation	8
rnbqkb1r/ppp2ppp/5n2/3B4/4Pp2/8/PPPP2PP/RNBQK1NR w KQkq - 1 5	C33	KGA bishop's gambit, Morphy variation	8
rnbqkb1r/pppp1ppp/5n2/8/2B1Pp2/8/PPPP2PP/RNBQK1NR w KQkq - 2 4	C33	KGA bishop's gambit, Cozio (Morphy) defence	6
rnbqkb1r/pppp1ppp/5n2/8/2B1Pp2/2N5/PPPP2PP/R1BQK1NR b KQkq - 3 4	C33	KGA bishop's gambit, Bogolyubov variation	7
rnbqk2r/pppp1ppp/5n2/4P3/1bB2p2/2N5/PPPP2PP/R1BQK1NR b KQkq - 0 5	C33	KGA bishop's gambit, Paulsen attack	9
rnbqkb1r/pp1p1ppp/2p2n2/8/2B1Pp2/2N5/PPPP2PP/R1BQK1NR w KQkq - 0 5	C33	KGA bishop's gambit, Jaenisch variation	8
rnbqkb1r/ppppnppp/8/8/4Pp2/5N2/PPPP2PP/RNBQKB1R w KQkq - 2 4	C34	KGA Bonsch-Osmolovsky variation	6
rnbqkbnr/pppp2pp/8/5p2/4Pp2/5N2/PPPP2PP/RNBQKB1R w KQkq f6 0 4	C34	KGA Gianutio counter-gambit	6
rnbqkbnr/ppp2ppp/3p4/8/4Pp2/5N2/PPPP2PP/RNBQKB1R w KQkq - 0 4	C34	KGA Fischer defence	6
rnbqkbnr/pppp1pp1/7p/8/4Pp2/5N2/PPPP2PP/RNBQKB1R w KQkq - 0 4	C34	KGA Becker defence	6
rnbqkb1r/pppp1ppp/5n2/8/4Pp2/5N2/PPPP2PP/RNBQKB1R w KQkq - 2 4	C34	KGA Schallop defence	6
rnbqk1nr/ppppbppp/8/8/4Pp2/5N2/PPPP2PP/RNBQKB1R w KQkq - 2 4	C35	KGA Cunningham defence	6
rnbqk1nr/pppp1ppp/8/8/2B1Pp1b/5NP1/PPPP3P/RNBQK2R b KQkq - 0 5	C35	KGA Cunningham, Bertin gambit	9
rnbqk1nr/pppp1ppp/8/8/2B1P2b/5N2/PPPP3p/RNBQ1R1K b kq - 1 7	C35	KGA Cunningham, three pawns gambit	13
rnbqk2r/ppppbppp/5n2/8/2B1Pp2/5N2/PPPP2PP/RNBQK2R w KQkq - 4 5	C35	KGA Cunningham, Euwe defence	8
rnbqkbnr/ppp2ppp/8/3p4/4Pp2/5N2/PPPP2PP/RNBQKB1R w KQkq d6 0 4	C36	KGA Abbazia defence (classical defence, modern defence[!	6
rnbqkb1r/ppp2ppp/5n2/3P4/5p2/5N2/PPPP2PP/RNBQKB1R w KQkq - 1 5	C36	KGA Abbazia defence, modern variation	8
rnbqkb1r/p4ppp/2p5/3n4/2B2p2/5N2/PPPP2PP/RNBQK2R w KQkq - 2 8	C36	KGA Abbazia defence, Botvinnik variation	14
rnbqkbnr/pppp1p1p/8/6p1/4Pp2/2N2N2/PPPP2PP/R1BQKB1R b KQkq - 1 4	C37	KGA Quaade gambit	7
rnbqkbnr/pppp1p1p/8/6p1/3PPp2/5N2/PPP3PP/RNBQKB1R b KQkq d3 0 4	C37	KGA Rosentreter gambit	7
rnbqkbnr/pppp1p1p/8/4N3/3PPpp1/8/PPP3PP/RNBQKB1R b KQkq - 1 5	C37	KGA Soerensen gambit	9
rnbqkbnr/pppp1p1p/8/6p1/2B1Pp2/5N2/PPPP2PP/RNBQK2R b KQkq - 1 4	C37	KGA King's knight's gambit	7
r1bqkbnr/pppp1p1p/2n5/6p1/2B1Pp2/5N2/PPPP2PP/RNBQK2R w KQkq - 2 5	C37	KGA Blachly gambit	8
rnbqkbnr/pppp1B1p/8/8/4Ppp1/5N2/PPPP2PP/RNBQK2R b KQkq - 0 5	C37	KGA Lolli gambit (wild Muzio gambit)	9
rnbqkbnr/pppp1p1p/8/8/2BPPpp1/5N2/PPP3PP/RNBQK2R b KQkq d3 0 5	C37	KGA Ghulam Kassim gambit	9
rnbqkbnr/pppp1p1p/8/8/2B1Ppp1/2N2N2/PPPP2PP/R1BQK2R b KQkq - 1 5	C37	KGA MacDonnell gambit	9
rnbqkbnr/pppp1p1p/8/4N3/2B1Ppp1/8/PPPP2PP/RNBQK2R b KQkq - 1 5	C37	KGA Salvio gambit	9
rnb1kb1r/pppp1p1p/7n/4N3/2BPP1pq/5p2/PPP3PP/RNBQ1K1R w kq - 0 8	C37	KGA Silberschmidt gambit	14
rnb1kb1r/ppp2p1p/3p3n/4N3/2BPPppq/8/PPP3PP/RNBQ1K1R w kq - 0 8	C37	KGA Salvio gambit, Anderssen counter-attack	14
rnb1kbnr/pppp1p1p/8/4N3/2B1P1pq/5p2/PPPP2PP/RNBQ1K1R w kq - 0 7	C37	KGA Cochrane gambit	12
r1b1kbnr/pppp1p1p/2n5/4N3/2B1Pppq/8/PPPP2PP/RNBQ1K1R w kq - 4 7	C37	KGA Herzfeld gambit	12
rnbqkbnr/pppp1p1p/8/8/2B1Ppp1/5N2/PPPP2PP/RNBQ1RK1 b kq - 1 5	C37	KGA Muzio gambit	9
rnb1kbnr/pppp1B1p/8/4q3/5p2/5Q2/PPPP2PP/RNB2RK1 b kq - 0 8	C37	KGA double Muzio gambit	15
rnb1kbnr/ppppqp1p/8/8/2B1Pp2/5Q2/PPPP2PP/RNB2RK1 w kq - 1 7	C37	KGA Muzio gambit, From defence	12
r1bqkbnr/pppp1p1p/2n5/8/2B1Pp2/5Q2/PPPP2PP/RNB2RK1 w kq - 1 7	C37	KGA Muzio gambit, Holloway defence	12
rnb1kbnr/ppppqp1p/8/8/2B1Ppp1/5N2/PPPP2PP/RNBQ1RK1 w kq - 2 6	C37	KGA Muzio gambit, Kling and Horwitz counter-attack	10
rnbqkbnr/ppp2p1p/8/3p4/2B1Ppp1/5N2/PPPP2PP/RNBQ1RK1 w kq d6 0 6	C37	KGA Muzio gambit, Brentano defence	10
rnbqk1nr/pppp1pbp/8/6p1/2B1Pp2/5N2/PPPP2PP/RNBQK2R w KQkq - 2 5	C38	King's knight's gambit	8
rnbqk1nr/pppp1pbp/8/6p1/2B1Pp2/5N2/PPPP2PP/RNBQ1RK1 b kq - 3 5	C38	KGA Hanstein gambit	9
rnbqk1nr/pppp1pbp/8/6p1/2B1Pp1P/5N2/PPPP2P1/RNBQK2R b KQkq h3 0 5	C38	KGA Philidor gambit	9
rnbqk1nr/ppp2pb1/3p3p/6p1/2BPPp1P/3Q1N2/PPP3P1/RNB1K2R b KQkq - 1 7	C38	KGA Philidor gambit, Schultz variation	13
rnbqkbnr/pppp1p1p/8/6p1/4Pp1P/5N2/PPPP2P1/RNBQKB1R b KQkq h3 0 4	C39	King's knight's gambit	7
rnbqkbnr/pppp1p1p/8/6N1/4PppP/8/PPPP2P1/RNBQKB1R b KQkq - 1 5	C39	KGA Allgaier gambit	9
rnbq3r/pppp1k2/3b1n1p/8/4PQ1P/8/PPPP2P1/RNB1KB1R w KQ - 1 9	C39	KGA Allgaier, Horny defence	16
rnbq1bnr/pppp1k2/7p/8/3PPppP/8/PPP3P1/RNBQKB1R b KQ d3 0 7	C39	KGA Allgaier, Thorold variation	13
rnbq1bnr/pppp1k2/7p/8/4PppP/2N5/PPPP2P1/R1BQKB1R b KQ - 1 7	C39	KGA Allgaier, Blackburne gambit	13
rnbq1bnr/pppp1k2/7p/8/2B1PppP/8/PPPP2P1/RNBQK2R b KQ - 1 7	C39	KGA Allgaier, Walker attack	13
rnbqkb1r/pppp1p1p/5n2/6N1/4PppP/8/PPPP2P1/RNBQKB1R w KQkq - 2 6	C39	KGA Allgaier, Schlechter defence	10
rnbqk1nr/pppp1pbp/8/4N3/4PppP/8/PPPP2P1/RNBQKB1R w KQkq - 2 6	C39	KGA Kieseritsky, Paulsen defence	10
rnbqkbnr/pppp1p2/8/4N2p/4PppP/8/PPPP2P1/RNBQKB1R w KQkq h6 0 6	C39	KGA Kieseritsky, long whip (Stockwhip, classical) defence	10
rnbqk1n1/pppp1p1r/7b/4N2p/2BPPppP/2N5/PPP3P1/R1BQK2R b KQq - 2 8	C39	KGA Kieseritsky, long whip defence, Jaenisch variation	15
rnbqkbnr/ppp2p1p/8/3pN3/4PppP/8/PPPP2P1/RNBQKB1R w KQkq d6 0 6	C39	KGA Kieseritsky, Brentano (Campbell) defence	10
rnbqkb1r/ppp2p1p/5n2/3pN3/3PPBpP/8/PPP3P1/RN1QKB1R b KQkq - 0 7	C39	KGA Kieseritsky, Brentano defence	13
rnbqkb1r/ppp2p1p/8/3pN3/3PnBpP/8/PPPN2P1/R2QKB1R b KQkq - 1 8	C39	KGA Kieseritsky, Brentano defence, Caro variation	15
rnb1kbnr/ppppqp1p/8/4N3/4PppP/8/PPPP2P1/RNBQKB1R w KQkq - 2 6	C39	KGA Kieseritsky, Salvio (Rosenthal) defence	10
rnb1kbnr/ppppq2p/8/4Np2/2BPPppP/8/PPP3P1/RNBQK2R b KQkq - 1 7	C39	KGA Kieseritsky, Salvio defence, Cozio variation	13
rnbqk1nr/ppppbp1p/8/4N3/4PppP/8/PPPP2P1/RNBQKB1R w KQkq - 2 6	C39	KGA Kieseritsky, Polerio defence	10
r1bqkbnr/pppp1p1p/2n5/4N3/4PppP/8/PPPP2P1/RNBQKB1R w KQkq - 2 6	C39	KGA Kieseritsky, Neumann defence	10
rnbqkbnr/ppp2p1p/3p4/4N3/4PppP/8/PPPP2P1/RNBQKB1R w KQkq - 0 6	C39	KGA Kieseritsky, Kolisch defence	10
rnbqkb1r/pppp1p1p/5n2/4N3/4PppP/8/PPPP2P1/RNBQKB1R w KQkq - 2 6	C39	KGA Kieseritsky, Berlin defence	10
rnbqkb1r/ppp2p1p/5n2/3p4/4PpNP/8/PPPP2P1/RNBQKB1R w KQkq d6 0 7	C39	KGA Kieseritsky, Berlin defence, Riviere variation	12
rnbqkb1r/pppp1p1p/5n2/4N3/2B1PppP/8/PPPP2P1/RNBQK2R b KQkq - 3 6	C39	KGA Kieseritsky, Berlin defence, 6.Bc4	11
rnbqk2r/ppp2p1p/3b1n2/3PN3/2B2ppP/8/PPPP2P1/RNBQ1RK1 b kq - 2 8	C39	KGA Kieseritsky, Rice gambit	15
rnbqk1nr/ppp2ppp/3b4/3Pp3/8/5N2/PPPP1PPP/RNBQKB1R w KQkq - 1 4	C40	QP counter-gambit Maroczy gambit	6
rnb1kbnr/ppp3pp/3p1q2/8/3Pp3/4N3/PPP2PPP/RNBQKB1R b KQkq - 1 6	C40	Latvian Nimzovich variation	11
r1bqkbnr/pppp2pp/2n5/4Np2/4P3/8/PPPP1PPP/RNBQKB1R w KQkq - 1 4	C40	Latvian Fraser defence	6
rnb1kb1N/ppp3pp/5n2/3p4/2B1p3/8/PPPP1PqP/RNBQKR2 w Qq - 1 8	C40	Latvian Behting variation	14
rnbqkbnr/ppp3pp/8/3pN3/2B1p3/8/PPPP1PPP/RNBQK2R w KQkq d6 0 5	C40	Latvian Polerio variation	8
rnbqkb1r/pppp2pp/5n2/4N3/2B1p3/8/PPPP1PPP/RNBQK2R w KQkq - 1 5	C40	Latvian corkscrew counter-gambit	8
rnbqk1nr/ppp1bppp/3p4/4p3/2B1P3/2P2N2/PP1P1PPP/RNBQK2R b KQkq - 0 4	C41	Philidor Steinitz variation	7
rnbqkbnr/ppp3pp/3p4/4pp2/2B1P3/5N2/PPPP1PPP/RNBQK2R w KQkq f6 0 4	C41	Philidor Lopez counter-gambit	6
rnbqkb1r/ppp3pN/3p3n/5p2/2BpP3/8/PPP2PPP/RNBQK2R b KQkq - 0 6	C41	Philidor Lopez counter-gambit, Jaenisch variation	11
rnbqkbnr/ppp3pp/3p4/4pp2/3PP3/5N2/PPP2PPP/RNBQKB1R w KQkq f6 0 4	C41	Philidor Philidor counter-gambit	6
rnbqkbnr/ppp3pp/4P3/3p2N1/4p3/8/PPP2PPP/RNBQKB1R b KQkq - 0 6	C41	Philidor Philidor counter-gambit, del Rio attack	11
rnbqk1nr/ppp3pp/4P3/2bp2N1/4p3/2N5/PPP2PPP/R1BQKB1R b KQkq - 2 7	C41	Philidor Philidor counter-gambit, Berger variation	13
rnbqkbnr/ppp3pp/3p4/4pp2/3PP3/2N2N2/PPP2PPP/R1BQKB1R b KQkq - 1 4	C41	Philidor Philidor counter-gambit, Zukertort variation	7
rnbqkbnr/ppp2ppp/3p4/8/3pP3/5N2/PPP2PPP/RNBQKB1R w KQkq - 0 4	C41	Philidor exchange variation	6
rn1qkbnr/pppb1ppp/3p4/8/3QP3/5N2/PPP2PPP/RNB1KB1R w KQkq - 1 5	C41	Philidor Boden variation	8
rnbqkbnr/ppp2ppp/3p4/8/3NP3/8/PPP2PPP/RNBQKB1R b KQkq - 0 4	C41	Philidor exchange variation	7
rnbqkbnr/ppp2ppp/8/3P4/3N4/8/PPP2PPP/RNBQKB1R b KQkq - 0 5	C41	Philidor Paulsen attack	9
rnbqkb1r/ppp2ppp/3p1n2/8/3NP3/8/PPP2PPP/RNBQKB1R w KQkq - 1 5	C41	Philidor exchange variation	8
rnbqkbnr/ppp2p1p/3p2p1/8/3NP3/8/PPP2PPP/RNBQKB1R w KQkq - 0 5	C41	Philidor Larsen variation	8
rnbqkb1r/ppp2ppp/3p1n2/4p3/3PP3/5N2/PPP2PPP/RNBQKB1R w KQkq - 1 4	C41	Philidor Nimzovich (Jaenisch) variation	6
r1bqkb1r/pppn1ppp/3p1n2/4p3/3PP3/2N2N2/PPP2PPP/R1BQKB1R w KQkq - 3 5	C41	Philidor Improved Hanham variation	8
r1bq1rk1/pp1nbppp/2pp1n2/8/P1BpP3/2N2N2/1PP1QPPP/R1B2RK1 w - - 0 9	C41	Philidor Nimzovich, Sozin variation	16
r1bq1rk1/pppnbBpp/3p1n2/4p1N1/3PP3/2N5/PPP2PPP/R1BQK2R b KQ - 0 7	C41	Philidor Nimzovich, Larobok variation	13
rnbqkb1r/ppp2ppp/3p1n2/4P3/4P3/5N2/PPP2PPP/RNBQKB1R b KQkq - 0 4	C41	Philidor Nimzovich variation	7
rnbqkb1r/ppp2ppp/3p4/4P3/4n3/5N2/PPPN1PPP/R1BQKB1R b KQkq - 1 5	C41	Philidor Nimzovich, Sokolsky variation	9
rnbqkb1r/ppp2ppp/3p4/3QP3/4n3/5N2/PPP2PPP/RNB1KB1R b KQkq - 1 5	C41	Philidor Nimzovich, Rellstab variation	9
rnbqkb1r/ppp2ppp/3p1n2/4p1N1/3PP3/8/PPP2PPP/RNBQKB1R b KQkq - 2 4	C41	Philidor Nimzovich, Locock variation	7
rnbqkb1r/ppp2ppp/3p1n2/4p3/2BPP3/5N2/PPP2PPP/RNBQK2R b KQkq - 2 4	C41	Philidor Nimzovich, Klein variation	7
r1bqkbnr/pppn1ppp/3p4/4p3/3PP3/5N2/PPP2PPP/RNBQKB1R w KQkq - 1 4	C41	Philidor Hanham variation	6
r1bqkbnr/pp1n1ppp/2pp4/4p3/2BPP3/5N2/PPP2PPP/RNBQ1RK1 b kq - 1 5	C41	Philidor Hanham, Krause variation	9
r1bqk1nr/pp1nbppp/2pp4/4P3/2B1P3/5N2/PPP2PPP/RNBQ1RK1 b kq - 0 6	C41	Philidor Hanham, Steiner variation	11
r1bqkbnr/pp1n1ppp/2pp4/4p1N1/2BPP3/8/PPP2PPP/RNBQK2R b KQkq - 1 5	C41	Philidor Hanham, Kmoch variation	9
r1bq1rk1/pp1nbppp/2p4n/3pp1N1/2BPPP2/2P5/PP4PP/RNBQ1RK1 w - - 0 9	C41	Philidor Hanham, Berger variation	16
r1bqkbnr/pp1n1ppp/2pp4/4p3/2BPP3/2N2N2/PPP2PPP/R1BQK2R b KQkq - 1 5	C41	Philidor Hanham, Schlechter variation	9
r1bqkbnr/pp1n1ppp/2pp4/4p3/2BPP3/2P2N2/PP3PPP/RNBQK2R b KQkq - 0 5	C41	Philidor Hanham, Delmar variation	9
rnbqkb1r/ppp2ppp/3p4/8/4n3/3P1N2/PPP2PPP/RNBQKB1R b KQkq - 0 5	C42	Petrov French attack	9
rnbqkb1r/ppp2ppp/3p4/8/2P1n3/5N2/PP1P1PPP/RNBQKB1R b KQkq c3 0 5	C42	Petrov Kaufmann attack	9
rnbqkb1r/ppp2ppp/3p4/8/4n3/2N2N2/PPPP1PPP/R1BQKB1R b KQkq - 1 5	C42	Petrov Nimzovich attack	9
rnbqkb1r/ppp2ppp/3p4/8/4n3/5N2/PPPPQPPP/RNB1KB1R b KQkq - 1 5	C42	Petrov Cozio (Lasker) attack	9
rnbqkb1r/ppp2ppp/3p4/8/3Pn3/5N2/PPP2PPP/RNBQKB1R b KQkq d3 0 5	C42	Petrov classical attack	9
r1bqk2r/ppp1bppp/2n5/3p4/3Pn3/3B1N2/PPP2PPP/RNBQR1K1 b kq - 5 8	C42	Petrov classical attack, Chigorin variation	15
r1bqk2r/ppp1bppp/2n5/3p4/2PPn3/3B1N2/PP3PPP/RNBQ1RK1 b kq c3 0 8	C42	Petrov classical attack, Jaenisch variation	15
rnbq1rk1/ppp1bppp/8/3p4/3Pn3/3B1N2/PPP2PPP/RNBQ1RK1 w - - 4 8	C42	Petrov classical attack, Mason variation	14
rnbqk2r/ppp2ppp/3b4/3p4/3Pn3/3B1N2/PPP2PPP/RNBQK2R w KQkq - 2 7	C42	Petrov classical attack, Marshall variation	12
rn1q1rk1/ppp2ppp/3b4/3p4/2PPn1b1/3B1N2/PP3PPP/RNBQ1RK1 w - - 1 9	C42	Petrov classical attack, Tarrasch variation	16
rnbqkb1r/ppp2ppp/3p1n2/8/3P4/5N2/PPP2PPP/RNBQKB1R w KQkq - 1 6	C42	Petrov classical attack, close variation	10
rnbqkb1r/ppp2Npp/3p1n2/8/4P3/8/PPPP1PPP/RNBQKB1R b KQkq - 0 4	C42	Petrov Cochrane gambit	7
rnbqkb1r/ppp2ppp/3p1n2/8/2N1P3/8/PPPP1PPP/RNBQKB1R b KQkq - 1 4	C42	Petrov Paulsen attack	7
rnbqkb1r/pppp1ppp/8/4N3/4n3/8/PPPP1PPP/RNBQKB1R w KQkq - 0 4	C42	Petrov Damiano variation	6
rnbqkb1r/pppp1ppp/8/4P3/3Qn3/5N2/PPP2PPP/RNB1KB1R b KQkq - 0 5	C43	Petrov modern attack, main line	9
rnbqkb1r/pppp1ppp/8/4P3/3pn3/5N2/PPP1QPPP/RNB1KB1R b KQkq - 2 5	C43	Petrov modern attack, Steinitz variation	9
r1bqkb1r/pppp1ppp/2n5/2n1P3/3N4/8/PPP1QPPP/RNB1KB1R w KQkq - 1 7	C43	Petrov modern attack, Bardeleben variation	12
rnbqkb1r/pppp1ppp/8/4p3/3Pn3/5N2/PPP2PPP/RNBQKB1R w KQkq - 0 4	C43	Petrov modern attack, Symmetrical variation	6
rnbq1rk1/ppp2ppp/8/3pb3/2PPn3/3B4/PP3PPP/RNBQ1RK1 w - - 0 8	C43	Petrov modern attack, Trifunovic variation	14
r1bqkbnr/pppp1ppp/8/4n3/3PP3/8/PPP2PPP/RNBQKB1R b KQkq d3 0 4	C44	Irish (Chicago) gambit	7
r1bqkb1r/ppp2ppp/2n2n2/3pp3/4P3/3P1N2/PPPNBPPP/R1BQK2R b KQkq - 1 5	C44	Inverted Hanham	9
r1bqkb1r/pppp1ppp/2n2n2/4p3/3PP3/5N2/PPP1BPPP/RNBQK2R b KQkq d3 0 4	C44	Tayler opening	7
r2qkbnr/pppb1ppp/2n5/3pp3/Q3P3/2P2N2/PP1P1PPP/RNB1KB1R w KQkq - 2 5	C44	Ponziani Caro variation	8
r1bqkb1r/ppp2ppp/2n2n2/3pp3/Q3P3/2P2N2/PP1P1PPP/RNB1KB1R w KQkq - 2 5	C44	Ponziani Leonhardt variation	8
r1bqkbnr/ppp3pp/2n2p2/3pp3/Q3P3/2P2N2/PP1P1PPP/RNB1KB1R w KQkq - 0 5	C44	Ponziani Steinitz variation	8
r1bqkb1r/pppp1ppp/2n2n2/4p3/4P3/2P2N2/PP1P1PPP/RNBQKB1R w KQkq - 1 4	C44	Ponziani Jaenisch counter-attack	6
r1bqk2r/pppp1ppp/2n5/2bPp3/4n3/2P2N2/PP3PPP/RNBQKB1R w KQkq - 1 6	C44	Ponziani Fraser defence	10
r1bqkb1r/ppppnppp/2n5/4p3/4P3/2P2N2/PP1P1PPP/RNBQKB1R w KQkq - 1 4	C44	Ponziani Reti variation	6
r1bqk1nr/ppppbppp/2n5/4p3/4P3/2P2N2/PP1P1PPP/RNBQKB1R w KQkq - 1 4	C44	Ponziani Romanishin variation	6
r1bqkbnr/pppp2pp/2n5/4pp2/4P3/2P2N2/PP1P1PPP/RNBQKB1R w KQkq f6 0 4	C44	Ponziani counter-gambit	6
r1bqkbnr/ppp3pp/2np4/3Ppp2/4P3/2P2N2/PP3PPP/RNBQKB1R b KQkq - 0 5	C44	Ponziani counter-gambit, Schmidt attack	9
rnbqk2r/ppp1b1pp/3p1n2/3Pp3/4N3/2PB4/PP3PPP/RNBQK2R w KQkq - 3 9	C44	Ponziani counter-gambit, Cordel variation	16
r1bqkbnr/pppp1ppp/8/4p3/3nP3/5N2/PPP2PPP/RNBQKB1R w KQkq - 0 4	C44	Scotch Lolli variation	6
r1bqkb1r/pp1p1Npp/2p1nn2/8/2B1P3/8/PPP2PPP/RNBQ1RK1 b kq - 0 7	C44	Scotch Cochrane variation	13
r1bqkbnr/pppp1ppp/2n5/1B6/3pP3/5N2/PPP2PPP/RNBQK2R b KQkq - 1 4	C44	Scotch Relfsson gambit ('MacLopez')	7
r1bqkbnr/pppp1ppp/2n5/8/3pP3/2P2N2/PP3PPP/RNBQKB1R b KQkq - 0 4	C44	Scotch Goering gambit	7
r1bqk1nr/pppp1ppp/2n5/8/1b2P3/2N2N2/PP3PPP/R1BQKB1R w KQkq - 1 6	C44	Scotch Goering gambit	10
r1bqk2r/pppp1ppp/2n2n2/8/1bB1P3/2N2N2/PP3PPP/R1BQK2R w KQkq - 3 7	C44	Scotch Goering gambit, Bardeleben variation	12
r1bqkbnr/pppp1ppp/2n5/8/2BpP3/5N2/PPP2PPP/RNBQK2R b KQkq - 1 4	C44	Scotch gambit	7
r2qk1nr/ppp2ppp/2np4/2b5/2BpP1b1/2P2N2/PP3PPP/RNBQ1RK1 w kq - 1 7	C44	Scotch gambit Anderssen (Paulsen, Suhle) counter-attack	12
r1bqk1nr/pppp1ppp/2n5/2b3N1/2BpP3/8/PPP2PPP/RNBQK2R b KQkq - 3 5	C44	Scotch gambit	9
r1bqk2r/pppp1ppp/2n4n/2b3NQ/2BpP3/8/PPP2PPP/RNB1K2R b KQkq - 5 6	C44	Scotch gambit Vitzhum attack	11
r1bqk1nr/pppp1ppp/2n5/8/1bBpP3/5N2/PPP2PPP/RNBQK2R w KQkq - 2 5	C44	Scotch gambit	8
r1bqk1nr/pppp1ppp/2n5/8/1bB1P3/2P2N2/P4PPP/RNBQK2R b KQkq - 0 6	C44	Scotch gambit	11
r1bqk1nr/pppp1ppp/2n5/b3P3/2B5/2P2N2/P4PPP/RNBQK2R b KQkq - 0 7	C44	Scotch gambit Cochrane variation	13
r1bqk1nr/ppppbppp/2n5/8/2BpP3/5N2/PPP2PPP/RNBQK2R w KQkq - 2 5	C44	Scotch gambit Benima defence	8
r1bqkb1r/pppp1ppp/2n2n2/8/2BpP3/5N2/PPP2PPP/RNBQK2R w KQkq - 2 5	C44	Scotch gambit Dubois-Reti defence	8
r1bqkbnr/pppp1ppp/2n5/8/3NP3/8/PPP2PPP/RNBQKB1R b KQkq - 0 4	C45	Scotch game	7
r1bqkbnr/ppp2ppp/3p4/8/3QP3/3B4/PPP2PPP/RNB1K2R b KQkq - 1 6	C45	Scotch Ghulam Kassim variation	11
r1b1kbnr/pppp1ppp/2n5/8/3NP2q/8/PPP2PPP/RNBQKB1R w KQkq - 1 5	C45	Scotch Pulling counter-attack	8
r1b1kbnr/pppp1ppp/2n5/1N6/4P2q/8/PPP2PPP/RNBQKB1R b KQkq - 2 5	C45	Scotch Horwitz attack	9
r1b1k1nr/pppp1ppp/2n5/1N6/1b2P2q/8/PPPB1PPP/RN1QKB1R b KQkq - 4 6	C45	Scotch game	11
r1b1kbnr/pppp1ppp/2n5/8/4P2q/5N2/PPP2PPP/RNBQKB1R b KQkq - 2 5	C45	Scotch Fraser attack	9
r1b1kbnr/pppp1ppp/2n5/8/3NP2q/2N5/PPP2PPP/R1BQKB1R b KQkq - 2 5	C45	Scotch Steinitz variation	9
r1bqkb1r/pppp1ppp/2n2n2/8/3NP3/8/PPP2PPP/RNBQKB1R w KQkq - 1 5	C45	Scotch Schmidt variation	8
r1bqkb1r/p1pp1ppp/2p2n2/4P3/8/8/PPP2PPP/RNBQKB1R b KQkq - 0 6	C45	Scotch Mieses variation	11
r1bqkb1r/p1pp1ppp/2p2n2/8/4P3/8/PPPN1PPP/R1BQKB1R b KQkq - 1 6	C45	Scotch Tartakower variation	11
r1bqk1nr/pppp1ppp/2n5/2b5/3NP3/8/PPP2PPP/RNBQKB1R w KQkq - 1 5	C45	Scotch game	8
r1b1k2r/ppppnppp/2n2q2/2b5/3NP3/2P1B3/PP1Q1PPP/RN2KB1R b KQkq - 2 7	C45	Scotch Blackburne attack	13
r1b1k2r/ppppnppp/2n2q2/1Bb5/3NP3/2P1B3/PP3PPP/RN1QK2R b KQkq - 2 7	C45	Scotch Paulsen attack	13
r1bnk2r/ppppnppp/5q2/1Bb5/3NP3/2P1B3/PP3PPP/RN1QK2R w KQkq - 3 8	C45	Scotch Paulsen, Gunsberg defence	14
r1b1k2r/ppppnppp/2n2q2/2b5/4P3/2P1B3/PPN2PPP/RN1QKB1R b KQkq - 2 7	C45	Scotch Meitner variation	13
r1b1k1nr/pppp1ppp/2n2q2/1Nb5/4P3/4B3/PPP2PPP/RN1QKB1R b KQkq - 4 6	C45	Scotch Blumenfeld attack	11
r1bqk1nr/pppp1ppp/2n5/2b5/4P3/1N6/PPP2PPP/RNBQKB1R b KQkq - 2 5	C45	Scotch Potter variation	9
r1bqk1nr/pppp1ppp/2n5/8/1b2P3/1N6/PPP2PPP/RNBQKB1R w KQkq - 3 6	C45	Scotch Romanishin variation	10
r1bqk2r/pppp1ppp/2n2n2/3Np3/1b2P3/5N2/PPPP1PPP/R1BQKB1R w KQkq - 6 5	C46	Three knights Schlechter variation	8
r1bqkbnr/pppp2pp/2n5/4pp2/4P3/2N2N2/PPPP1PPP/R1BQKB1R w KQkq f6 0 4	C46	Three knights Winawer defence (Gothic defence)	6
r1bqkbnr/pppp1p1p/2n3p1/4p3/4P3/2N2N2/PPPP1PPP/R1BQKB1R w KQkq - 0 4	C46	Three knights Steinitz variation	6
r1bqkbnr/pppp1p1p/2n3p1/3N4/3pP3/5N2/PPP2PPP/R1BQKB1R b KQkq - 1 5	C46	Three knights Steinitz, Rosenthal variation	9
r1bqkb1r/pppp1ppp/2n2n2/4p3/4P3/2N2N2/PPPP1PPP/R1BQKB1R w KQkq - 4 4	C46	Four knights game	6
r1bqkb1r/pppp1ppp/2n2n2/4N3/4P3/2N5/PPPP1PPP/R1BQKB1R b KQkq - 0 4	C46	Four knights Schultze-Mueller gambit	7
r1bqkb1r/pppp1ppp/2n2n2/4p3/2B1P3/2N2N2/PPPP1PPP/R1BQK2R b KQkq - 5 4	C46	Four knights Italian variation	7
r1bqkb1r/pppp1ppp/2n2n2/4p3/4P3/P1N2N2/1PPP1PPP/R1BQKB1R b KQkq - 0 4	C46	Four knights Gunsberg variation	7
r1bqkb1r/pppp1ppp/2n2n2/4p3/3PP3/2N2N2/PPP2PPP/R1BQKB1R b KQkq d3 0 4	C47	Four knights Scotch variation	7
r1bqk2r/pppp1ppp/2n2n2/4N3/1b1PP3/2N5/PPP2PPP/R1BQKB1R b KQkq - 0 5	C47	Four knights Scotch, Krause variation	9
r1bqkb1r/pppp1ppp/2n2n2/8/3pP3/2N2N2/PPP2PPP/R1BQKB1R w KQkq - 0 5	C47	Four knights Scotch, 4...exd4	8
r1bqkb1r/pppp1ppp/2n2n2/3N4/3pP3/5N2/PPP2PPP/R1BQKB1R b KQkq - 1 5	C47	Four knights Belgrade gambit	9
r1bqkb1r/pppp1ppp/2n2n2/1B2p3/4P3/2N2N2/PPPP1PPP/R1BQK2R b KQkq - 5 4	C48	Four knights Spanish variation	7
r1bqkb1r/1ppp1ppp/p1B2n2/4p3/4P3/2N2N2/PPPP1PPP/R1BQK2R b KQkq - 0 5	C48	Four knights Ranken variation	9
r1bqk2r/pppp1ppp/2n2n2/1Bb1p3/4P3/2N2N2/PPPP1PPP/R1BQK2R w KQkq - 6 5	C48	Four knights Spanish, classical defence	8
r1bq1rk1/pppp1ppp/5n2/1Bb1N3/3nP3/2N5/PPPP1PPP/R1BQ1RK1 w - - 1 7	C48	Four knights Marshall variation	12
r1bqkb1r/pppp1ppp/5n2/1B2p3/3nP3/2N2N2/PPPP1PPP/R1BQK2R w KQkq - 6 5	C48	Four knights Rubinstein counter-gambit	8
r1b1kb1r/ppppqppp/5n2/1B2N3/3nPP2/2N5/PPPP2PP/R1BQK2R b KQkq f3 0 6	C48	Four knights Rubinstein counter-gambit, Bogolyubov variation	11
r1bqkb1r/pppp1ppp/5n2/4p3/3nP3/2N2N2/PPPPBPPP/R1BQK2R b KQkq - 7 5	C48	Four knights Rubinstein counter-gambit, 5.Be2	9
r1bqkb1r/pppp1ppp/5n2/1B2p3/3NP3/2N5/PPPP1PPP/R1BQK2R b KQkq - 0 5	C48	Four knights Rubinstein counter-gambit, exchange variation	9
r1bqkb1r/pppp1ppp/5n2/1B2p3/3nP3/2N2N2/PPPP1PPP/R1BQ1RK1 b kq - 7 5	C48	Four knights Rubinstein counter-gambit, Henneberger variation	9
r1bqk2r/pppp1ppp/2n2n2/1B2p3/1b2P3/2N2N2/PPPP1PPP/R1BQK2R w KQkq - 6 5	C49	Four knights double Ruy Lopez	8
r1bq1rk1/pppp1ppp/2n5/1B1P4/1b2p3/5N2/PPPP1PPP/R1BQ1RK1 w - - 0 8	C49	Four knights Gunsberg counter-attack	14
r1bq1rk1/pppp1ppp/2n2n2/1B2p3/1b2P3/2NP1N2/PPP2PPP/R1BQ1RK1 b - - 0 6	C49	Four knights double Ruy Lopez	11
r1b2rk1/ppp1qppp/2n2n2/1B1pp3/1b2P3/3P1N2/PPP1NPPP/R1BQ1RK1 w - d6 0 8	C49	Four knights Alatortsev variation	14
r1bq1rk1/pppp1ppp/2n2n2/1B2p3/4P3/2bP1N2/PPP2PPP/R1BQ1RK1 w - - 0 7	C49	Four knights	12
r1bq1rk1/ppp2ppp/2np1n2/1B2p3/4P3/2PP1N2/P1P2PPP/R1BQR1K1 b - - 1 8	C49	Four knights Janowski variation	15
r1bq1rk1/ppp2ppp/2n2n2/1B1pp3/4P3/2PP1N2/P1P2PPP/R1BQ1RK1 w - d6 0 8	C49	Four knights Svenonius variation	14
r1bq1rk1/ppp2ppp/2np1n2/1B2p3/1b2P3/2NP1N2/PPP2PPP/R1BQ1RK1 w - - 0 7	C49	Four knights symmetrical variation	12
r1b2rk1/ppp1qppp/2np1n2/1B2p1B1/4P3/2PP1N2/P1P2PPP/R2Q1RK1 w - - 1 9	C49	Four knights symmetrical, Metger unpin	16
r1bq1rk1/ppp1nppp/3p1n2/1B2p1B1/1b2P3/2NP1N2/PPP2PPP/R2Q1RK1 w - - 2 8	C49	Four knights symmetrical, Pillsbury variation	14
r2q1rk1/ppp2ppp/2npbn2/1B2p1B1/1b2P3/2NP1N2/PPP2PPP/R2Q1RK1 w - - 2 8	C49	Four knights symmetrical, Tarrasch variation	14
r1bq1rk1/ppp2ppp/2np1n2/1B2p3/1b2P3/3P1N2/PPP1NPPP/R1BQ1RK1 b - - 1 7	C49	Four knights symmetrical, Maroczy system	13
r1bq1rk1/pppp1ppp/2B2n2/4p3/1b2P3/2N2N2/PPPP1PPP/R1BQ1RK1 b - - 0 6	C49	Four knights Nimzovich (Paulsen) variation	11
r1b1kbnr/pppp1Npp/8/8/4q3/5n2/PPPPBP1P/RNBQKR2 w Qkq - 2 8	C50	Blackburne shilling gambit	14
r1bqkbnr/pppp2pp/2n5/4pp2/2B1P3/5N2/PPPP1PPP/RNBQK2R w KQkq f6 0 4	C50	Rousseau gambit	6
r1bqk1nr/ppppbppp/2n5/4p3/2B1P3/5N2/PPPP1PPP/RNBQK2R w KQkq - 4 4	C50	Hungarian defence	6
r1bqk2r/ppppbppp/2n5/4P3/2Bpn3/2P2N2/PP3PPP/RNBQK2R w KQkq - 1 7	C50	Hungarian defence Tartakower variation	12
r1bqk1nr/pppp1ppp/2n5/2b1p3/2B1P3/5N2/PPPP1PPP/RNBQK2R w KQkq - 4 4	C50	Giuoco Piano	6
r1bqk2r/pppp1ppp/2n2n2/2b1p3/2B1P3/2N2N2/PPPP1PPP/R1BQK2R w KQkq - 6 5	C50	Giuoco Piano four knights variation	8
r1bqk1nr/pppp1Bpp/2n5/2b1p3/4P3/5N2/PPPP1PPP/RNBQK2R b KQkq - 0 4	C50	Giuoco Piano Jerome gambit	7
r1bqk1nr/pppp1ppp/2n5/2b1p3/2B1P3/3P1N2/PPP2PPP/RNBQK2R b KQkq - 0 4	C50	Giuoco Pianissimo	7
r1bqk1nr/pppp2pp/2n5/2b1p1N1/2B1Pp2/3P4/PPP2PPP/RNBQK2R w KQkq - 0 6	C50	Giuoco Pianissimo Dubois variation	10
r1bqk2r/pppp1ppp/2n2n2/2b1p3/2B1P3/3P1N2/PPP2PPP/RNBQK2R w KQkq - 1 5	C50	Giuoco Pianissimo	8
r1bqk2r/pppp1ppp/2n2n2/2b1p3/2B1P3/2NP1N2/PPP2PPP/R1BQK2R b KQkq - 2 5	C50	Giuoco Pianissimo Italian four knights variation	9
r1bqk2r/ppp2ppp/2np1n2/2b1p1B1/2B1P3/2NP1N2/PPP2PPP/R2QK2R b KQkq - 1 6	C50	Giuoco Pianissimo Canal variation	11
r1bqk1nr/pppp1ppp/2n5/2b1p3/1PB1P3/5N2/P1PP1PPP/RNBQK2R b KQkq b3 0 4	C51	Evans gambit declined	7
r1bqk2r/pppp1ppp/1b5n/nP2N3/2B1P3/8/P1PP1PPP/RNBQK2R w KQkq - 1 7	C51	Evans gambit declined, Lange variation	12
r1b1k1nr/pppp1ppp/1b6/nP2N1q1/2B1P3/8/P1PP1PPP/RNBQK2R w KQkq - 1 7	C51	Evans gambit declined, Hirschbach variation	12
r1b3nr/ppppkBpp/1b6/nP2N1qQ/4P3/8/P1PP1PPP/RNB1K2R b KQ - 2 8	C51	Evans gambit declined, Vasquez variation	15
r1bqk1nr/pppp1ppp/1bn5/4p3/PPB1P3/5N2/2PP1PPP/RNBQK2R b KQkq a3 0 5	C51	Evans gambit declined, 5.a4	9
r1bqk1nr/1ppp1ppp/pbn5/4p3/PPB1P3/2N2N2/2PP1PPP/R1BQK2R b KQkq - 1 6	C51	Evans gambit declined, Showalter variation	11
r1bqk1nr/pppp1ppp/1bn5/4p3/1PB1P3/5N2/PBPP1PPP/RN1QK2R b KQkq - 2 5	C51	Evans gambit declined, Cordel variation	9
r1bqk1nr/ppp2ppp/2n5/2bpp3/1PB1P3/5N2/P1PP1PPP/RNBQK2R w KQkq d6 0 5	C51	Evans counter-gambit	8
r1bqk1nr/pppp1ppp/2n5/4p3/1bB1P3/5N2/P1PP1PPP/RNBQK2R w KQkq - 0 5	C51	Evans gambit	8
r1bqk1nr/ppp2ppp/1bnp4/8/2BPP3/5N2/P4PPP/RNBQ1RK1 w kq - 1 9	C51	Evans gambit normal variation	16
r1bqk1nr/pppp1ppp/2nb4/4p3/2B1P3/2P2N2/P2P1PPP/RNBQK2R w KQkq - 1 6	C51	Evans gambit Stone-Ware variation	10
r1bqkbnr/pppp1ppp/2n5/4p3/2B1P3/2P2N2/P2P1PPP/RNBQK2R w KQkq - 1 6	C51	Evans gambit Mayet defence	10
r1bqk1nr/ppppbppp/2n5/4p3/2B1P3/2P2N2/P2P1PPP/RNBQK2R w KQkq - 1 6	C51	Evans gambit 5...Be7	10
r1bqk1nr/ppppbppp/8/n3p3/2BPP3/2P2N2/P4PPP/RNBQK2R w KQkq - 1 7	C51	Evans gambit Cordel variation	12
r1bqk1nr/pppp1ppp/2n5/b3p3/2B1P3/2P2N2/P2P1PPP/RNBQK2R w KQkq - 1 6	C52	Evans gambit	10
r1bqk1nr/pppp1ppp/2n5/b7/2B1P3/2p2N2/P4PPP/RNBQ1RK1 w kq - 0 8	C52	Evans gambit compromised defence	14
r1bqk1nr/p1pp1ppp/2n5/bp2p3/2BPP3/2P2N2/P4PPP/RNBQK2R w KQkq b6 0 7	C52	Evans gambit Leonhardt variation	12
r1bqk1nr/ppp2ppp/2np4/b3p3/2BPP3/2P2N2/P4PPP/RNBQK2R w KQkq - 0 7	C52	Evans gambit	12
r1bqk1nr/ppp2ppp/2np4/b3p3/2BPP3/1QP2N2/P4PPP/RNB1K2R b KQkq - 1 7	C52	Evans gambit Tartakower attack	13
r1bqk1nr/ppp2ppp/2np4/b3p1B1/2BPP3/2P2N2/P4PPP/RN1QK2R b KQkq - 1 7	C52	Evans gambit Sokolsky variation	13
r1bqk1nr/pppp1ppp/2n5/b3p3/2B1P3/2P2N2/P2P1PPP/RNBQ1RK1 b kq - 2 6	C52	Evans gambit	11
r1bq1rk1/pppp1ppp/2n2n2/b3N3/2BPP3/2P5/P4PPP/RNBQ1RK1 b - - 0 8	C52	Evans gambit Richardson attack	15
r1bqk1nr/ppp2ppp/2np4/b3p3/2B1P3/2P2N2/P2P1PPP/RNBQ1RK1 w kq - 0 7	C52	Evans gambit	12
r1bqk1nr/ppp2ppp/2np4/b7/2BpP3/1QP2N2/P4PPP/RNB2RK1 b kq - 1 8	C52	Evans gambit Waller attack	15
r1bqk1nr/ppp2ppp/1bnp4/4p3/2BPP3/2P2N2/P4PPP/RNBQ1RK1 w kq - 1 8	C52	Evans gambit Lasker defence	14
r2qk1nr/pppb1ppp/2np4/b3p3/2BPP3/2P2N2/P4PPP/RNBQ1RK1 w kq - 1 8	C52	Evans gambit Sanders-Alapin variation	14
r2qk1nr/ppp2ppp/2np4/b3p3/2BPP1b1/2P2N2/P4PPP/RNBQ1RK1 w kq - 1 8	C52	Evans gambit Alapin-Steinitz variation	14
r1bqk1nr/pppp1ppp/2n5/2b1p3/2B1P3/2P2N2/PP1P1PPP/RNBQK2R b KQkq - 0 4	C53	Giuoco Piano	7
r1bqk1nr/ppp2ppp/1bnp4/8/2BPP3/5N2/PP3PPP/RNBQK2R w KQkq - 1 7	C53	Giuoco Piano LaBourdonnais variation	12
r1b1k1nr/ppppqppp/2n5/2b1p3/2B1P3/2P2N2/PP1P1PPP/RNBQK2R w KQkq - 1 5	C53	Giuoco Piano close variation	8
r1b1k1nr/ppppqppp/1bn5/4p3/2BPP3/2P2N2/PP3PPP/RNBQK2R w KQkq - 1 6	C53	Giuoco Piano centre-holding variation	10
r1b1k1nr/ppppqppp/1bn5/4p1B1/2BPP3/2P2N2/PP3PPP/RN1QK2R b KQkq - 2 6	C53	Giuoco Piano Mestel variation	11
rnb1k1nr/ppppqppp/1b1P4/4p3/2B1P3/2P2N2/PP3PPP/RNBQK2R b KQkq - 0 7	C53	Giuoco Piano Eisinger variation	13
r1bqk2r/pppp1ppp/2n2n2/2b1p3/2B1P3/2P2N2/PP1P1PPP/RNBQK2R w KQkq - 1 5	C53	Giuoco Piano	8
r1bqk2r/pppp1ppp/2n2n2/2b1p3/1PB1P3/2P2N2/P2P1PPP/RNBQK2R b KQkq b3 0 5	C53	Giuoco Piano Bird's attack	9
r1bqk2r/pppp1ppp/2n2n2/2b1p3/2BPP3/2P2N2/PP3PPP/RNBQK2R b KQkq d3 0 5	C53	Giuoco Piano	9
r1bqk2r/ppp2ppp/2n2n2/2bpP3/2Bp4/2P2N2/PP3PPP/RNBQK2R w KQkq d6 0 7	C53	Giuoco Piano	12
r1bqk2r/ppp2ppp/2n5/1B1pP3/1b1Pn3/5N2/PP3PPP/RNBQK2R w KQkq - 1 9	C53	Giuoco Piano Anderssen variation	16
r1bqk2r/pppp1ppp/2n2n2/2b5/2BPP3/5N2/PP3PPP/RNBQK2R b KQkq - 0 6	C54	Giuoco Piano	11
r1bqk2r/pppp1ppp/2n2n2/8/1bBPP3/5N2/PP3PPP/RNBQ1K1R b kq - 2 7	C54	Giuoco Piano Cracow variation	13
r1bqk2r/pppp1ppp/2n2n2/8/1bBPP3/2N2N2/PP3PPP/R1BQK2R b KQkq - 2 7	C54	Giuoco Piano Greco's attack	13
r1bqk2r/pppp1ppp/2n5/8/1bBP4/2n2N2/PP3PPP/R1BQ1RK1 w kq - 0 9	C54	Giuoco Piano Greco variation	16
r1bqk2r/pppp1ppp/2n5/8/2BPn3/2b2N2/PP3PPP/R1BQ1RK1 w kq - 0 9	C54	Giuoco Piano	16
r1bqkb1r/pppp1ppp/2n2n2/4p3/2B1P3/5N2/PPPP1PPP/RNBQK2R w KQkq - 4 4	C55	Two knights defence	6
r1bqk2r/ppp2ppp/3p1n2/4p1B1/2BnP3/8/PPP2PPP/RN1Q1RK1 w kq - 0 8	C55	Giuoco piano	14
r1bqkb1r/pppp1ppp/2n2n2/4p3/2B1P3/3P1N2/PPP2PPP/RNBQK2R b KQkq - 0 4	C55	Two knights defence (Modern bishop's opening)	7
r1bqkb1r/pppp1ppp/2n2n2/4p3/2BPP3/5N2/PPP2PPP/RNBQK2R b KQkq d3 0 4	C55	Two knights defence	7
r1bqkb1r/pppp1ppp/2n2n2/6N1/2BpP3/8/PPP2PPP/RNBQK2R b KQkq - 1 5	C55	Two knights defence, Perreux variation	9
r1bqkb1r/pppp1ppp/2n2n2/8/2BpP3/5N2/PPP2PPP/RNBQ1RK1 b kq - 1 5	C55	Two knights defence	9
r1bqk2r/pppp1ppp/2n2n2/2b1P3/2Bp4/5N2/PPP2PPP/RNBQ1RK1 b kq - 0 6	C55	two knights Max Lange attack	11
r1bqk2r/pppp1ppp/2n5/2b1P3/2Bp2n1/5N2/PPP2PPP/RNBQ1RK1 w kq - 1 7	C55	two knights Max Lange attack, Steinitz variation	12
r1bqk2r/pppp1ppp/2n5/2b1P3/2Bp2n1/2P2N2/PP3PPP/RNBQ1RK1 b kq - 0 7	C55	two knights Max Lange attack, Krause variation	13
r1bqkb1r/pppp1ppp/2n5/8/2Bpn3/5N2/PPP2PPP/RNBQ1RK1 w kq - 0 6	C56	Two knights defence	10
r1bqkb1r/ppp2ppp/2n5/3p4/2Bpn3/2N2N2/PPP2PPP/R1BQR1K1 b kq - 1 7	C56	two knights defence Canal variation	13
r1bqkb1r/pppp1ppp/2n2n2/4p1N1/2B1P3/8/PPPP1PPP/RNBQK2R b KQkq - 5 4	C57	Two knights defence	7
r1bqk2r/pppp1ppp/2n2n2/2b1p1N1/2B1P3/8/PPPP1PPP/RNBQK2R w KQkq - 6 5	C57	two knights defence Wilkes Barre (Traxler) variation	8
r1bqkb1r/p1p2ppp/2n2n2/1p1Pp1N1/2B5/8/PPPP1PPP/RNBQK2R w KQkq b6 0 6	C57	two knights defence Ulvestad variation	10
r1bqkb1r/ppp2ppp/5n2/3Pp1N1/2Bn4/8/PPPP1PPP/RNBQK2R w KQkq - 1 6	C57	two knights defence Fritz variation	10
r1bqkb1r/p1p2ppp/8/1p1np3/3nN3/2P5/PP1P1PPP/RNBQKB1R b KQkq - 1 8	C57	two knights defence Fritz, Gruber variation	15
r1bqkb1r/ppp2ppp/2n5/3np1N1/2BP4/8/PPP2PPP/RNBQK2R b KQkq d3 0 6	C57	two knights defence Lolli attack	11
r1bqk2r/ppp2ppp/2n5/3np1N1/1bBP4/8/PPP2PPP/RNBQK2R w KQkq - 1 7	C57	two knights defence Pincus variation	12
r1bqkb1r/ppp2Npp/2n5/3np3/2B5/8/PPPP1PPP/RNBQK2R b KQkq - 0 6	C57	two knights defence Fegatello attack	11
r1bq1b1r/ppp1n1pp/4k3/3np3/2B5/2N2Q2/PPPP1PPP/R1B1K2R w KQ - 4 9	C57	two knights defence Fegatello attack, Polerio defence	16
r1bqkb1r/ppp2ppp/5n2/n2Pp1N1/2B5/8/PPPP1PPP/RNBQK2R w KQkq - 1 6	C58	two knights defence	10
r1bqkb1r/ppp2ppp/5n2/n2Pp1N1/2B5/3P4/PPP2PPP/RNBQK2R b KQkq - 0 6	C58	two knights defence Kieseritsky variation	11
r1bqkb1r/ppp2ppp/5n2/nB1Pp1N1/8/8/PPPP1PPP/RNBQK2R b KQkq - 2 6	C58	Two knights defence	11
r1bqkb1r/p4ppp/2p2n2/nB2p1N1/8/5Q2/PPPP1PPP/RNB1K2R b KQkq - 1 8	C58	two knights defence Bogolyubov variation	15
1rbqkb1r/p4ppp/2p2n2/nB2p1N1/8/5Q2/PPPP1PPP/RNB1K2R w KQk - 2 9	C58	two knights defence Colman variation	16
r1bqkb1r/p4ppp/5n2/np2p1N1/8/5Q2/PPPP1PPP/RNB1K2R w KQkq - 0 9	C58	two knights defence Blackburne variation	16
r1bqkb1r/p4ppp/2p2n2/n3p1N1/8/8/PPPPBPPP/RNBQK2R b KQkq - 1 8	C58	Two knights defence	15
r1bqkb1r/p4pp1/2p2n1p/n3p1N1/8/8/PPPPBPPP/RNBQK2R w KQkq - 0 9	C59	Two knights defence	16
r1bqkbnr/pppp2pp/2n2p2/1B2p3/4P3/5N2/PPPP1PPP/RNBQK2R w KQkq - 0 4	C60	Ruy Lopez Nuernberg variation	6
r1bqkbnr/pppp1ppp/8/nB2p3/4P3/5N2/PPPP1PPP/RNBQK2R w KQkq - 4 4	C60	Ruy Lopez Pollock defence	6
r1bqk1nr/ppppbppp/2n5/1B2p3/4P3/5N2/PPPP1PPP/RNBQK2R w KQkq - 4 4	C60	Ruy Lopez Lucena defence	6
r1b1kbnr/ppppqppp/2n5/1B2p3/4P3/5N2/PPPP1PPP/RNBQK2R w KQkq - 4 4	C60	Ruy Lopez Vinogradov variation	6
r1bqkbnr/pppp1p1p/2n5/1B2p1p1/4P3/5N2/PPPP1PPP/RNBQK2R w KQkq g6 0 4	C60	Ruy Lopez Brentano defence	6
r1bqkbnr/pppp1p1p/2n3p1/1B2p3/4P3/5N2/PPPP1PPP/RNBQK2R w KQkq - 0 4	C60	Ruy Lopez fianchetto (Smyslov/Barnes) defence	6
r1bqkb1r/ppppnppp/2n5/1B2p3/4P3/5N2/PPPP1PPP/RNBQK2R w KQkq - 4 4	C60	Ruy Lopez Cozio defence	6
r1bqkb1r/ppppnp1p/2n3p1/1B2p3/4P3/2N2N2/PPPP1PPP/R1BQK2R w KQkq - 0 5	C60	Ruy Lopez Cozio defence, Paulsen variation	8
r1bqkbnr/pppp1ppp/8/1B2p3/3nP3/5N2/PPPP1PPP/RNBQK2R w KQkq - 4 4	C61	Ruy Lopez Bird's defence	6
r1bqkb1r/ppppnppp/8/1B6/3pP3/8/PPPP1PPP/RNBQ1RK1 w kq - 2 6	C61	Ruy Lopez Bird's defence, Paulsen variation	10
r1bqkbnr/ppp2ppp/2np4/1B2p3/4P3/5N2/PPPP1PPP/RNBQK2R w KQkq - 0 4	C62	Ruy Lopez old Steinitz defence	6
r2qkb1r/pppb1ppp/2Bp1n2/4p3/3PP3/2N2N2/PPP2PPP/R1BQK2R b KQkq - 0 6	C62	Ruy Lopez old Steinitz defence, Nimzovich attack	11
r2qkbnr/pppb1ppp/2np4/1B2p3/2PPP3/5N2/PP3PPP/RNBQK2R b KQkq c3 0 5	C62	Ruy Lopez old Steinitz defence, semi-Duras variation	9
r1bqkbnr/pppp2pp/2n5/1B2pp2/4P3/5N2/PPPP1PPP/RNBQK2R w KQkq f6 0 4	C63	Ruy Lopez Schliemann defence	6
r1bqkbnr/pppp2pp/2n5/1B2pp2/4P3/2N2N2/PPPP1PPP/R1BQK2R b KQkq - 1 4	C63	Ruy Lopez Schliemann defence, Berger variation	7
r1bqk1nr/pppp1ppp/2n5/1Bb1p3/4P3/5N2/PPPP1PPP/RNBQK2R w KQkq - 4 4	C64	Ruy Lopez classical (Cordel) defence	6
r1bqk1nr/pppp1ppp/8/1Bb1p3/1P1nP3/5N2/P1PP1PPP/RNBQ1RK1 b kq b3 0 5	C64	Ruy Lopez classical defence, Zaitsev variation	9
r1bqk1nr/pppp1ppp/2n5/1Bb1p3/4P3/2P2N2/PP1P1PPP/RNBQK2R b KQkq - 0 4	C64	Ruy Lopez classical defence, 4.c3	7
r1bq1rk1/pppp1ppp/1bn2n2/1B2p3/3PP3/2P2N2/PP3PPP/RNBQ1RK1 w - - 1 7	C64	Ruy Lopez classical defence, Benelux variation  	12
r1bqk1nr/pppp1ppp/1bn5/1B2p3/4P3/2P2N2/PP1P1PPP/RNBQK2R w KQkq - 1 5	C64	Ruy Lopez classical defence, Charousek variation	8
r1b1k1nr/ppppqppp/2n5/1Bb1p3/4P3/2P2N2/PP1P1PPP/RNBQK2R w KQkq - 1 5	C64	Ruy Lopez classical defence, Boden variation	8
r1bqk1nr/pppp2pp/2n5/1Bb1pp2/4P3/2P2N2/PP1P1PPP/RNBQK2R w KQkq f6 0 5	C64	Ruy Lopez Cordel gambit	8
r1bqkb1r/pppp1ppp/2n2n2/1B2p3/4P3/5N2/PPPP1PPP/RNBQK2R w KQkq - 4 4	C65	Ruy Lopez Berlin defence	6
r1bqkb1r/pppp1ppp/2n2n2/1B6/3pP3/5N2/PPP2PPP/RNBQ1RK1 b kq - 1 5	C65	Ruy Lopez Berlin defence, Nyholm attack	9
r1bqkb1r/ppppnppp/5n2/1B2p3/4P3/3P1N2/PPP2PPP/RNBQK2R w KQkq - 1 5	C65	Ruy Lopez Berlin defence, Mortimer variation	8
r1bqkb1r/pp1pnppp/2p2n2/1B2N3/4P3/3P4/PPP2PPP/RNBQK2R w KQkq - 0 6	C65	Ruy Lopez Berlin defence, Mortimer trap	10
r1bqkb1r/ppp2ppp/2Bp1n2/4p3/4P3/3P1N2/PPP2PPP/RNBQK2R b KQkq - 0 5	C65	Ruy Lopez Berlin defence, Anderssen variation	9
r1bqkb1r/ppp2ppp/2np1n2/1B2p3/2P1P3/3P1N2/PP3PPP/RNBQK2R b KQkq c3 0 5	C65	Ruy Lopez Berlin defence, Duras variation	9
r1bqk2r/pppp1ppp/2n2n2/1Bb1p3/4P3/3PBN2/PPP2PPP/RN1QK2R b KQkq - 2 5	C65	Ruy Lopez Berlin defence, Kaufmann variation	9
r1bqkb1r/pppp1ppp/2n2n2/1B2p3/4P3/5N2/PPPP1PPP/RNBQ1RK1 b kq - 5 4	C65	Ruy Lopez Berlin defence, 4.O-O	7
r1bqk2r/pppp1ppp/2n2n2/1Bb1p3/4P3/5N2/PPPP1PPP/RNBQ1RK1 w kq - 6 5	C65	Ruy Lopez Berlin defence, Beverwijk variation	8
r1bqkb1r/ppp2ppp/2np1n2/1B2p3/4P3/5N2/PPPP1PPP/RNBQ1RK1 w kq - 0 5	C66	Ruy Lopez Berlin defence, 4.O-O, d6	8
r2qk2r/pppbbppp/2np1n2/1B2p3/3PP3/2N2N2/PPP2PPP/R1BQ1RK1 w kq - 3 7	C66	Ruy Lopez Berlin defence, hedgehog variation	12
r2q1rk1/pppbbppp/2np1n2/1B2p3/3PP3/2N2N2/PPP2PPP/R1BQR1K1 w - - 5 8	C66	Ruy Lopez Berlin defence, Tarrasch trap	14
r2qk2r/pppbbppp/2np1n2/1B2p1B1/3PP3/2N2N2/PPP2PPP/R2Q1RK1 b kq - 4 7	C66	Ruy Lopez closed Berlin defence, Bernstein variation	13
r2qk2r/pppbbppp/2Bp1n2/4p3/3PP3/2N2N2/PPP2PPP/R1BQ1RK1 b kq - 0 7	C66	Ruy Lopez closed Berlin defence, Showalter variation	13
r2qkb1r/pppb1ppp/2np1n2/1B6/3pP3/2N2N2/PPP2PPP/R1BQ1RK1 w kq - 0 7	C66	Ruy Lopez closed Berlin defence, Wolf variation	12
r1bqkb1r/pppn1ppp/2np4/1B2p3/3PP3/5N2/PPP2PPP/RNBQ1RK1 w kq - 1 6	C66	Ruy Lopez closed Berlin defence, Chigorin variation	10
r1bqkb1r/pppp1ppp/2n5/1B2p3/4n3/5N2/PPPP1PPP/RNBQ1RK1 w kq - 0 5	C67	Ruy Lopez Berlin defence, open variation	8
r1bqkb1r/pppp1ppp/2nn4/1B2P3/8/5N2/PPP2PPP/RNBQ1RK1 b kq - 0 6	C67	Ruy Lopez open Berlin defence, l'Hermet variation	11
r1bqkb1r/pppp1ppp/2nn4/4p3/B2P4/5N2/PPP2PPP/RNBQ1RK1 b kq - 2 6	C67	Ruy Lopez open Berlin defence, Showalter variation	11
r1bqk2r/ppppbppp/2n5/1B2p3/3Pn3/5N2/PPP2PPP/RNBQ1RK1 w kq - 1 6	C67	Ruy Lopez open Berlin defence, 5...Be7	10
r1bqk2r/p1ppbppp/2p5/4Pn2/8/5N2/PPP1QPPP/RNB2RK1 w kq - 1 9	C67	Ruy Lopez Berlin defence, Cordel variation	16
r1bqk2r/ppp1bppp/2n5/1B1pp3/3Pn3/5N2/PPP1QPPP/RNB2RK1 w kq d6 0 7	C67	Ruy Lopez Berlin defence, Trifunovic variation	12
r1bqk2r/ppppbppp/2n5/1B2P3/4n3/5N2/PPP2PPP/RNBQ1RK1 b kq - 0 6	C67	Ruy Lopez Berlin defence, Minckwitz variation	11
r1bqkb1r/1ppp1ppp/p1n5/1B2p3/3Pn3/5N2/PPP2PPP/RNBQ1RK1 w kq - 0 6	C67	Ruy Lopez Berlin defence, Rosenthal variation	10
r1bqkbnr/1ppp1ppp/p1B5/4p3/4P3/5N2/PPPP1PPP/RNBQK2R b KQkq - 0 4	C68	Ruy Lopez exchange variation	7
r3kbnr/1ppb1ppp/p1p5/8/3NP3/8/PPP2PPP/RNB1K2R w KQkq - 1 8	C68	Ruy Lopez exchange, Alekhine variation	14
r1bqkbnr/1pp2ppp/p1p5/4p3/4P3/2N2N2/PPPP1PPP/R1BQK2R b KQkq - 1 5	C68	Ruy Lopez exchange, Keres variation	9
r1bqkbnr/1pp3pp/p1p2p2/4p3/4P3/2NP1N2/PPP2PPP/R1BQK2R b KQkq - 0 6	C68	Ruy Lopez exchange, Romanovsky variation	11
r1bqkbnr/1pp2ppp/p1p5/4p3/4P3/5N2/PPPP1PPP/RNBQ1RK1 b kq - 1 5	C69	Ruy Lopez exchange variation, 5.O-O	9
r2qkbnr/1pp2pp1/p1p5/4p2p/4P1b1/5N1P/PPPP1PP1/RNBQ1RK1 w kq h6 0 7	C69	Ruy Lopez exchange variation, Alapin gambit	12
r1bqkbnr/1pp3pp/p1p2p2/4p3/4P3/5N2/PPPP1PPP/RNBQ1RK1 w kq - 0 6	C69	Ruy Lopez exchange, Gligoric variation	10
r1b1kbnr/1pp2ppp/p1pq4/4p3/4P3/5N2/PPPP1PPP/RNBQ1RK1 w kq - 2 6	C69	Ruy Lopez exchange, Bronstein variation	10
r1bqkbnr/1ppp1ppp/p1n5/4p3/B3P3/5N2/PPPP1PPP/RNBQK2R b KQkq - 1 4	C70	Ruy Lopez	7
r1bqkbnr/1ppp1p1p/p1n3p1/4p3/B3P3/5N2/PPPP1PPP/RNBQK2R w KQkq - 0 5	C70	Ruy Lopez fianchetto defence deferred	8
r1bqkb1r/1pppnppp/p1n5/4p3/B3P3/5N2/PPPP1PPP/RNBQK2R w KQkq - 2 5	C70	Ruy Lopez Cozio defence deferred	8
r1bqkbnr/1ppp1ppp/p7/4p3/B2nP3/5N2/PPPP1PPP/RNBQK2R w KQkq - 2 5	C70	Ruy Lopez Bird's defence deferred	8
r1bqk1nr/1ppp1ppp/p1n5/4p3/Bb2P3/5N2/PPPP1PPP/RNBQK2R w KQkq - 2 5	C70	Ruy Lopez Alapin's defence deferred	8
r1bqk1nr/1ppp1ppp/p1n5/2b1p3/B3P3/5N2/PPPP1PPP/RNBQK2R w KQkq - 2 5	C70	Ruy Lopez Classical defence deferred	8
r1bqkbnr/2pp1ppp/p1n5/1p2p3/B3P3/5N2/PPPP1PPP/RNBQK2R w KQkq b6 0 5	C70	Ruy Lopez Caro variation	8
r1bqk1nr/2pp1ppp/p1n5/1pb1p3/4P3/1B3N2/PPPP1PPP/RNBQK2R w KQkq - 2 6	C70	Ruy Lopez Graz variation	10
r1bqkbnr/2pp1ppp/p7/np2p3/4P3/1B3N2/PPPP1PPP/RNBQK2R w KQkq - 2 6	C70	Ruy Lopez Taimanov (chase/wing/accelerated counterthrust) variation	10
r1bqkbnr/1ppp2pp/p1n5/4pp2/B3P3/5N2/PPPP1PPP/RNBQK2R w KQkq f6 0 5	C70	Ruy Lopez Schliemann defence deferred	8
r1bqkbnr/1pp2ppp/p1np4/4p3/B3P3/5N2/PPPP1PPP/RNBQK2R w KQkq - 0 5	C71	Ruy Lopez modern Steinitz defence	8
r1bqkbnr/5ppp/p2p4/1pp5/3QP3/1B6/PPP2PPP/RNB1K2R w KQkq c6 0 9	C71	Ruy Lopez Noah's ark trap	16
r1bqkbnr/1pp2ppp/p1np4/4p3/B3P3/2N2N2/PPPP1PPP/R1BQK2R b KQkq - 1 5	C71	Ruy Lopez modern Steinitz defence, Three knights variation	9
r1bqkbnr/1pp2ppp/p1np4/4p3/B1P1P3/5N2/PP1P1PPP/RNBQK2R b KQkq c3 0 5	C71	Ruy Lopez modern Steinitz defence, Duras (Keres) variation	9
r1bqkbnr/1pp2ppp/p1np4/4p3/B3P3/5N2/PPPP1PPP/RNBQ1RK1 b kq - 1 5	C72	Ruy Lopez modern Steinitz defence, 5.O-O	9
r1bqkbnr/2p2ppp/p1pp4/4p3/3PP3/5N2/PPP2PPP/RNBQK2R b KQkq d3 0 6	C73	Ruy Lopez modern Steinitz defence, Richter variation	11
r1bqkbnr/2p3pp/p1pp1p2/4p3/3PP3/5N2/PPP2PPP/RNBQK2R w KQkq - 0 7	C73	Ruy Lopez modern Steinitz defence, Alapin variation	12
r1bqkbnr/1pp2ppp/p1np4/4p3/B3P3/2P2N2/PP1P1PPP/RNBQK2R b KQkq - 0 5	C74	Ruy Lopez modern Steinitz defence	9
r1bqkbnr/1pp3pp/p1np4/4pp2/B3P3/2P2N2/PP1P1PPP/RNBQK2R w KQkq f6 0 6	C74	Ruy Lopez modern Steinitz defence, siesta variation	10
r2qkbnr/1pp3pp/p1np4/4pb2/B7/2P2N2/PP1P1PPP/RNBQ1RK1 b kq - 1 7	C74	Ruy Lopez Siesta, Kopayev variation	13
r2qkbnr/1ppb1ppp/p1np4/4p3/B3P3/2P2N2/PP1P1PPP/RNBQK2R w KQkq - 1 6	C75	Ruy Lopez modern Steinitz defence	10
r2qkb1r/1ppbnppp/p1np4/4p3/B2PP3/2P2N2/PP3PPP/RNBQK2R w KQkq - 1 7	C75	Ruy Lopez modern Steinitz defence, Rubinstein variation	12
r2qkbnr/1ppb1p1p/p1np2p1/4p3/B2PP3/2P2N2/PP3PPP/RNBQK2R w KQkq - 0 7	C76	Ruy Lopez modern Steinitz defence, fianchetto (Bronstein) variation	12
r1bqkb1r/1ppp1ppp/p1n2n2/4p3/B3P3/5N2/PPPP1PPP/RNBQK2R w KQkq - 2 5	C77	Ruy Lopez Morphy defence	8
r1bqkb1r/1ppp1ppp/p1n2n2/4p3/B3P3/2N2N2/PPPP1PPP/R1BQK2R b KQkq - 3 5	C77	Ruy Lopez four knights (Tarrasch) variation	9
r1bqkb1r/1ppp1ppp/p1B2n2/4p3/4P3/5N2/PPPP1PPP/RNBQK2R b KQkq - 0 5	C77	Ruy Lopez Treybal (Bayreuth) variation (exchange var. deferred)	9
r1bqkb1r/1ppp1ppp/p1n2n2/4p3/B3P3/5N2/PPPPQPPP/RNB1K2R b KQkq - 3 5	C77	Ruy Lopez Wormald (Alapin) attack	9
r2qk2r/2p1bppp/p1np1n2/1p2p3/3PP1b1/1BP2N2/PP2QPPP/RNB1K2R w KQkq - 1 9	C77	Ruy Lopez Wormald attack, Gruenfeld variation	16
r1bqkb1r/1ppp1ppp/p1n2n2/4p3/B3P3/3P1N2/PPP2PPP/RNBQK2R b KQkq - 0 5	C77	Ruy Lopez Anderssen variation	9
r1bqkb1r/1pp2ppp/p1np1n2/4p3/B1P1P3/3P1N2/PP3PPP/RNBQK2R b KQkq c3 0 6	C77	Ruy Lopez Morphy defence, Duras variation	11
r1bqkb1r/1ppp1ppp/p1n2n2/4p3/B3P3/5N2/PPPP1PPP/RNBQ1RK1 b kq - 3 5	C78	Ruy Lopez 5.O-O	9
r1bqk2r/2ppbppp/p1n2n2/1p2p3/P3P3/1B3N2/1PPP1PPP/RNBQ1RK1 b kq a3 0 7	C78	Ruy Lopez Wing attack	13
r1bqkb1r/2p2ppp/p1np1n2/1p2p3/4P3/1B3N2/PPPP1PPP/RNBQ1RK1 w kq - 0 7	C78	Ruy Lopez ...b5 & ...d6	12
r2qkb1r/1bpp1ppp/p1n2n2/1p2p3/4P3/1B3N2/PPPP1PPP/RNBQ1RK1 w kq - 2 7	C78	Ruy Lopez Archangelsk (counterthrust) variation	12
r1bqk2r/1ppp1ppp/p1n2n2/2b1p3/B3P3/5N2/PPPP1PPP/RNBQ1RK1 w kq - 4 6	C78	Ruy Lopez Moeller defence	10
r1bqkb1r/1pp2ppp/p1np1n2/4p3/B3P3/5N2/PPPP1PPP/RNBQ1RK1 w kq - 0 6	C79	Ruy Lopez Steinitz defence deferred (Russian defence)	10
r2qkb1r/2p2ppp/p1pp1n2/4p3/3PP1b1/5N2/PPP2PPP/RNBQ1RK1 w kq - 1 8	C79	Ruy Lopez Steinitz defence deferred, Lipnitsky variation	14
r1bqkb1r/2p2ppp/p1pp4/4p3/3Pn3/5N2/PPP2PPP/RNBQ1RK1 w kq - 0 8	C79	Ruy Lopez Steinitz defence deferred, Rubinstein variation	14
r1bqkb1r/1ppp1ppp/p1n5/4p3/B3n3/5N2/PPPP1PPP/RNBQ1RK1 w kq - 0 6	C80	Ruy Lopez open (Tarrasch) defence	10
r1bqkb1r/1ppp1ppp/p1n5/4p3/B3n3/5N2/PPPPQPPP/RNB2RK1 b kq - 1 6	C80	Ruy Lopez open, Tartakower variation	11
r1bqkb1r/1ppp1ppp/p1n5/4p3/B3n3/2N2N2/PPPP1PPP/R1BQ1RK1 b kq - 1 6	C80	Ruy Lopez open, Knorre variation	11
r1bqkb1r/1ppp1ppp/p1n5/4p3/B2Pn3/5N2/PPP2PPP/RNBQ1RK1 b kq d3 0 6	C80	Ruy Lopez open, 6.d4	11
r1bqkb1r/1ppp1ppp/p1n5/8/B2pn3/5N2/PPP2PPP/RNBQ1RK1 w kq - 0 7	C80	Ruy Lopez open, Riga variation	12
r1bqkb1r/2pp1ppp/p1n5/1p2p3/B2Pn3/5N2/PPP2PPP/RNBQ1RK1 w kq b6 0 7	C80	Ruy Lopez open, 6.d4 b5	12
r1bqkb1r/2pp1ppp/p1n5/1p2N3/B2Pn3/8/PPP2PPP/RNBQ1RK1 b kq - 0 7	C80	Ruy Lopez open, Friess attack	13
r1bqkb1r/2pp1ppp/p1n5/1p1Pp3/B3n3/5N2/PPP2PPP/RNBQ1RK1 b kq - 0 7	C80	Ruy Lopez open, Richter variation	13
r1bqkb1r/2pp1ppp/p1n5/1p2p3/3Pn3/1B3N2/PPP2PPP/RNBQ1RK1 b kq - 1 7	C80	Ruy Lopez open, 7.Bb3	13
r1bqkb1r/2p2ppp/p7/1p1pp3/P2nn3/1B3N2/1PP2PPP/RNBQ1RK1 w kq - 0 9	C80	Ruy Lopez open, Schlechter defence	16
r1bqkb1r/2p2ppp/p1n5/1p1pp3/2PPn3/1B3N2/PP3PPP/RNBQ1RK1 b kq c3 0 8	C80	Ruy Lopez open, Harksen gambit	15
r1bqkb1r/2p2ppp/p1n5/1p1pP3/4n3/1B3N2/PPP2PPP/RNBQ1RK1 b kq - 0 8	C80	Ruy Lopez open, 8.de	15
r1bqkb1r/2p1nppp/p7/1p1pP3/4n3/1B3N2/PPP2PPP/RNBQ1RK1 w kq - 1 9	C80	Ruy Lopez open, Zukertort variation	16
r2qkb1r/2p2ppp/p1n1b3/1p1pP3/4n3/1B3N2/PPP2PPP/RNBQ1RK1 w kq - 1 9	C80	Ruy Lopez open, 8...Be6	16
r1bqk2r/1pppbppp/p1n2n2/4p3/B3P3/5N2/PPPP1PPP/RNBQ1RK1 w kq - 4 6	C84	Ruy Lopez closed defence	10
r1bqk2r/1pppbppp/p1n2n2/4p3/B2PP3/5N2/PPP2PPP/RNBQ1RK1 b kq d3 0 6	C84	Ruy Lopez closed, centre attack	11
r1bqk2r/1pppbppp/p1n5/4P3/B2pn3/2P2N2/PP3PPP/RNBQ1RK1 b kq - 0 8	C84	Ruy Lopez closed, Basque gambit (North Spanish variation)	15
r1bqk2r/1pppbppp/p1B2n2/4p3/4P3/5N2/PPPP1PPP/RNBQ1RK1 b kq - 0 6	C85	Ruy Lopez Exchange variation doubly deferred (DERLD)	11
r1bqk2r/1pppbppp/p1n2n2/4p3/B3P3/5N2/PPPPQPPP/RNB2RK1 b kq - 5 6	C86	Ruy Lopez Worrall attack	11
r1bq1rk1/2ppbppp/p1n2n2/1p2p3/4P3/1B3N2/PPPPQPPP/RNB2RK1 w - - 2 8	C86	Ruy Lopez Worrall attack, sharp line	14
r1bqk2r/2p1bppp/p1np1n2/1p2p3/4P3/1B3N2/PPPPQPPP/RNB2RK1 w kq - 0 8	C86	Ruy Lopez Worrall attack, solid line	14
r1bqk2r/1pp1bppp/p1np1n2/4p3/B3P3/5N2/PPPP1PPP/RNBQR1K1 w kq - 0 7	C87	Ruy Lopez closed, Averbach variation	12
r1bqk2r/2ppbppp/p1n2n2/1p2p3/4P3/1B3N2/PPPP1PPP/RNBQR1K1 b kq - 1 7	C88	Ruy Lopez closed	13
r1bqk2r/2p1bppp/p1np1n2/1p2p3/3PP3/1B3N2/PPP2PPP/RNBQR1K1 b kq d3 0 8	C88	Ruy Lopez closed, 7...d6, 8.d4	15
r2qk2r/1bppbppp/p1n2n2/1p2p3/4P3/1B3N2/PPPP1PPP/RNBQR1K1 w kq - 2 8	C88	Ruy Lopez Trajkovic counter-attack	14
r1bq1rk1/2ppbppp/p1n2n2/1p2p3/4P3/1B3N2/PPPP1PPP/RNBQR1K1 w - - 2 8	C88	Ruy Lopez closed, 7...O-O	14
r1bq1rk1/2ppbppp/p1n2n2/1p2p3/P3P3/1B3N2/1PPP1PPP/RNBQR1K1 b - a3 0 8	C88	Ruy Lopez closed, anti-Marshall 8.a4	15
r1bq1rk1/2ppbppp/p1n2n2/1p2p3/4P3/1BP2N2/PP1P1PPP/RNBQR1K1 b - - 0 8	C88	Ruy Lopez closed, 8.c3	15
r1bq1rk1/2p1bppp/p1n2n2/1p1pp3/4P3/1BP2N2/PP1P1PPP/RNBQR1K1 w - d6 0 9	C89	Ruy Lopez Marshall counter-attack	16
r1bq1rk1/2p1bppp/p1np1n2/1p2p3/4P3/1BP2N2/PP1P1PPP/RNBQR1K1 w - - 0 9	C90	Ruy Lopez closed (with ...d6)	16
rnbqkb1r/ppp2ppp/4pn2/8/3P4/2N2N2/PPP3PP/R1BQKB1R w KQkq - 0 6	D00	Blackmar-Diemer Euwe defence	10
rnbqkb1r/ppp2ppp/5n2/3pp3/3PP3/2N5/PPP2PPP/R1BQKBNR w KQkq e6 0 4	D00	Blackmar-Diemer Lemberg counter-gambit	6
rn1qkb1r/ppp1pppp/5B2/3p1b2/3P4/2N5/PPP1PPPP/R2QKBNR b KQkq - 0 4	D01	Richter-Veresov attack, Veresov variation	7
rn1qkb1r/ppp1pppp/5n2/3p1bB1/3P4/2N2P2/PPP1P1PP/R2QKBNR b KQkq - 0 4	D01	Richter-Veresov attack, Richter variation	7
rnbqkb1r/ppp2ppp/4pn2/3p4/3P4/4PN2/PPP2PPP/RNBQKB1R w KQkq - 0 4	D05	Queen's pawn game	6
rnbqkb1r/pp3ppp/4pn2/2pp4/3P4/1P2PN2/P1PN1PPP/R1BQKB1R b KQkq - 0 5	D05	Queen's pawn game, Zukertort variation	9
rnbqkb1r/ppp2ppp/4pn2/3p4/3P4/3BPN2/PPP2PPP/RNBQK2R b KQkq - 1 4	D05	Queen's pawn game	7
rnbqkb1r/pp3ppp/4pn2/2pp4/3P4/1P1BPN2/P1P2PPP/RNBQK2R b KQkq - 0 5	D05	Queen's pawn game, Rubinstein (Colle-Zukertort) variation	9
rnbqkb1r/pp3ppp/4pn2/2pp4/3P4/2PBPN2/PP3PPP/RNBQK2R b KQkq - 0 5	D05	Colle system	9
r1bqkbnr/ppp1pppp/2n5/8/2pP4/2N2N2/PP2PPPP/R1BQKB1R b KQkq - 1 4	D07	QGD Chigorin defence, Janowski variation	7
rnbqk1nr/ppp2ppp/8/4P3/1bP5/4p3/PP1B1PPP/RN1QKBNR w KQkq - 0 6	D08	QGD Albin counter-gambit, Lasker trap	10
rnbqkbnr/ppp2ppp/8/4P3/2Pp4/5N2/PP2PPPP/RNBQKB1R b KQkq - 1 4	D08	QGD Albin counter-gambit	7
r1bqkbnr/ppp2ppp/2n5/4P3/2Pp4/5N2/PP1NPPPP/R1BQKB1R b KQkq - 3 5	D08	QGD Albin counter-gambit, Alapin variation	9
r3k1nr/ppp1qppp/2n5/4P3/1bPp4/5N1P/PP1BPPP1/R2QKB1R w KQkq - 3 9	D08	QGD Albin counter-gambit, Krenosz variation	16
r1bqkbnr/ppp3pp/2n2p2/4P3/2Pp4/5N2/PP1NPPPP/R1BQKB1R w KQkq - 0 6	D08	QGD Albin counter-gambit, Janowski variation	10
r1b1kbnr/ppp1qppp/2n5/4P3/2Pp4/5N2/PP1NPPPP/R1BQKB1R w KQkq - 4 6	D08	QGD Albin counter-gambit, Balogh variation	10
r1bqkbnr/ppp2ppp/2n5/4P3/2Pp4/5NP1/PP2PP1P/RNBQKB1R b KQkq - 0 5	D09	QGD Albin counter-gambit, 5.g3	9
rnbqkbnr/pp2pppp/2p5/8/2pPP3/2N5/PP3PPP/R1BQKBNR b KQkq e3 0 4	D10	QGD Slav defence, Alekhine variation	7
rnbqkbnr/pp3ppp/2p5/3pp3/2PP4/2N5/PP2PPPP/R1BQKBNR w KQkq e6 0 4	D10	QGD Slav Winawer counter-gambit	6
rnbqkb1r/pp2pppp/2p2n2/3p4/2PP4/5N2/PP1NPPPP/R1BQKB1R b KQkq - 3 4	D11	QGD Slav Breyer variation	7
rnbqkb1r/pp2pppp/2p2n2/3p4/2PP4/4PN2/PP3PPP/RNBQKB1R b KQkq - 0 4	D11	QGD Slav 4.e3	7
rn1qkb1r/pp2pppp/2p2n2/3p1b2/2PP4/4PN2/PP3PPP/RNBQKB1R w KQkq - 1 5	D12	QGD Slav 4.e3 Bf5	8
rnq1kb1r/pp3ppp/4pn2/3p1b2/3P4/NQ2PN2/PP1B1PPP/R3KB1R b KQkq - 1 8	D12	QGD Slav Landau variation	15
rn1qkb1r/pp2pppp/5n2/3p1b2/3P4/2N1PN2/PP3PPP/R1BQKB1R b KQkq - 1 6	D12	QGD Slav exchange variation	11
rn1qkb1r/pp1n1ppp/4p3/3pNb2/3P4/2N1P3/PP3PPP/R1BQKB1R w KQkq - 2 8	D12	QGD Slav Amsterdam variation	14
rnbqkb1r/pp2pppp/5n2/3p4/3P4/5N2/PP2PPPP/RNBQKB1R w KQkq - 0 5	D13	QGD Slav exchange variation	8
r2qkb1r/pp2pppp/2n2n2/3p1b2/3P1B2/2N2N2/PP2PPPP/R2QKB1R w KQkq - 4 7	D14	QGD Slav exchange variation, 6.Bf4 Bf5	12
r2qk2r/pp3ppp/2n1pn2/3p1b2/1b1P1B2/1QN1PN2/PP3PPP/R3KB1R w KQkq - 2 9	D14	QGD Slav exchange, Trifunovic variation	16
rnbqkb1r/pp2pppp/2p2n2/3p4/2PP4/2N2N2/PP2PPPP/R1BQKB1R b KQkq - 3 4	D15	QGD Slav 4.Nc3	7
rnb1kb1r/pp2pppp/1qp2n2/3p4/2PP4/2N2N2/PP2PPPP/R1BQKB1R w KQkq - 4 5	D15	QGD Slav Suechting variation	8
rnbqkb1r/pp2pp1p/2p2np1/3p4/2PP4/2N2N2/PP2PPPP/R1BQKB1R w KQkq - 0 5	D15	QGD Slav Schlechter variation	8
rnbqkb1r/pp2pppp/2p2n2/8/2pP4/2N2N2/PP2PPPP/R1BQKB1R w KQkq - 0 5	D15	QGD Slav accepted	8
rnbqkb1r/pp2pppp/2p2n2/8/2pP4/2N1PN2/PP3PPP/R1BQKB1R b KQkq - 0 5	D15	QGD Slav 5.e3 (Alekhine variation)	9
rnbqkb1r/pp2pppp/2p2n2/8/2pPP3/2N2N2/PP3PPP/R1BQKB1R b KQkq e3 0 5	D15	QGD Slav Slav gambit	9
rnbqkb1r/p3pppp/2p2n2/1p2P3/2pP4/2N2N2/PP3PPP/R1BQKB1R b KQkq - 0 6	D15	QGD Slav Tolush-Geller gambit	11
rnbqkb1r/pp2pppp/2p2n2/8/P1pP4/2N2N2/1P2PPPP/R1BQKB1R b KQkq a3 0 5	D16	QGD Slav accepted Alapin variation	9
r2qkb1r/pp2pppp/n1p2n2/8/P1pPP1b1/2N2N2/1P3PPP/R1BQKB1R w KQkq - 1 7	D16	QGD Slav Smyslov variation	12
rnbqkb1r/pp3ppp/2p1pn2/8/P1pP4/2N2N2/1P2PPPP/R1BQKB1R w KQkq - 0 6	D16	QGD Slav Soultanbeieff variation	10
rn1qkb1r/pp2pppp/2p2n2/8/P1pP2b1/2N2N2/1P2PPPP/R1BQKB1R w KQkq - 1 6	D16	QGD Slav Steiner variation	10
rn1qkb1r/pp2pppp/2p2n2/5b2/P1pP4/2N2N2/1P2PPPP/R1BQKB1R w KQkq - 1 6	D17	QGD Slav Czech defence	10
rn1qkb1r/pp2pppp/2p2n2/4Nb2/P1pP4/2N5/1P2PPPP/R1BQKB1R b KQkq - 2 6	D17	QGD Slav Krause attack	11
r3kb1r/ppqn1ppp/2p2n2/4pb2/P1NP4/2N3P1/1P2PP1P/R1BQKB1R w KQkq e6 0 9	D17	QGD Slav Carlsbad variation	16
rn1qkb1r/pp3ppp/2p1pn2/4Nb2/P1pP4/2N5/1P2PPPP/R1BQKB1R w KQkq - 0 7	D17	QGD Slav Wiesbaden variation	12
rn1qkb1r/pp2pppp/2p2n2/5b2/P1pP4/2N1PN2/1P3PPP/R1BQKB1R b KQkq - 0 6	D18	QGD Slav Dutch variation	11
r2qkb1r/pp2pppp/n1p2n2/5b2/P1pP4/2N1PN2/1P3PPP/R1BQKB1R w KQkq - 1 7	D18	QGD Slav Dutch, Lasker variation	12
rn1qk2r/pp3ppp/2p1pn2/5b2/PbBP4/2N1PN2/1P3PPP/R1BQ1RK1 b kq - 2 8	D19	QGD Slav Dutch variation	15
rnbqkb1r/p3pppp/5n2/1ppP4/2p1P3/2N5/PP3PPP/R1BQKBNR w KQkq b6 0 6	D20	QGA Linares variation	10
rnbqkbnr/ppp1p1pp/8/5p2/2pPP3/8/PP3PPP/RNBQKBNR w KQkq f6 0 4	D20	QGA Schwartz defence	6
rnbqkbnr/p1p1pppp/8/1p6/2pP4/5N2/PP2PPPP/RNBQKB1R w KQkq b6 0 4	D21	QGA Ericson variation	6
rnbqkbnr/1pp1pppp/p7/8/2pPP3/5N2/PP3PPP/RNBQKB1R b KQkq e3 0 4	D21	QGA Alekhine defense, Borisenko-Furman variation	7
rnbqkbnr/1pp1pppp/p7/8/2pP4/5N2/PP2PPPP/RNBQKB1R w KQkq - 0 4	D22	QGA Alekhine defence	6
rn1qkbnr/1pp2ppp/p3p3/3P4/2B3b1/4PN2/PP3PPP/RNBQK2R b KQkq - 0 6	D22	QGA Alekhine defence, Alatortsev variation	11
rnbqkbnr/2p1pppp/p7/1p6/2pP4/4PN2/PP3PPP/RNBQKB1R w KQkq b6 0 5	D22	QGA Haberditz variation	8
rnbqkb1r/ppp1pppp/5n2/8/2pP4/5N2/PP2PPPP/RNBQKB1R w KQkq - 2 4	D23	Queen's gambit accepted	6
rnbqkb1r/ppp1pppp/5n2/8/Q1pP4/5N2/PP2PPPP/RNB1KB1R b KQkq - 3 4	D23	QGA Mannheim variation	7
rnbqkb1r/ppp1pppp/5n2/8/2pP4/2N2N2/PP2PPPP/R1BQKB1R b KQkq - 3 4	D24	QGA, 4.Nc3	7
rnbqkb1r/1pp1pppp/p4n2/8/2pPP3/2N2N2/PP3PPP/R1BQKB1R b KQkq e3 0 5	D24	QGA, Bogolyubov variation	9
rnbqkb1r/ppp1pppp/5n2/8/2pP4/4PN2/PP3PPP/RNBQKB1R b KQkq - 0 4	D25	QGA, 4.e3	7
rnbqkb1r/ppp1pp1p/5np1/8/2pP4/4PN2/PP3PPP/RNBQKB1R w KQkq - 0 5	D25	QGA, Smyslov variation	8
rn1qkb1r/ppp1pppp/5n2/8/2pP2b1/4PN2/PP3PPP/RNBQKB1R w KQkq - 1 5	D25	QGA, Janowsky-Larsen variation	8
rn1qkb1r/ppp1pppp/4bn2/8/2pP4/4PN2/PP3PPP/RNBQKB1R w KQkq - 1 5	D25	QGA, Flohr variation	8
rnbqkb1r/ppp2ppp/4pn2/8/2pP4/4PN2/PP3PPP/RNBQKB1R w KQkq - 0 5	D26	QGA 4...e6	8
rnbqkb1r/pp3ppp/4pn2/2p5/2BP4/4PN2/PP3PPP/RNBQK2R w KQkq c6 0 6	D26	QGA classical variation	10
rnbqkb1r/pp3ppp/4pn2/2p5/2BP4/4PN2/PP3PPP/RNBQ1RK1 b kq - 1 6	D26	QGA classical variation, 6.O-O	11
rnbqkb1r/pp3ppp/4pn2/8/2Bp4/4PN2/PP3PPP/RNBQ1RK1 w kq - 0 7	D26	QGA classical, Steinitz variation	12
rnbqkb1r/1p3ppp/p3pn2/2p5/2BP4/4PN2/PP3PPP/RNBQ1RK1 w kq - 0 7	D27	QGA classical, 6...a6	12
rnbqkb1r/1p3ppp/p3pn2/2p5/P1BP4/4PN2/1P3PPP/RNBQ1RK1 b kq a3 0 7	D27	QGA classical, Rubinstein variation	13
rnbqkb1r/1p3ppp/p3pn2/2p5/2BPP3/5N2/PP3PPP/RNBQ1RK1 b kq - 0 7	D27	QGA classical, Geller variation	13
rnbqkb1r/1p3ppp/p3pn2/2p5/2BP4/4PN2/PP2QPPP/RNB2RK1 b kq - 1 7	D28	QGA classical, 7.Qe2	13
rnbqkb1r/5ppp/p3pn2/1pp5/2BP4/4PN2/PP2QPPP/RNB2RK1 w kq b6 0 8	D28	QGA classical, 7...b5	14
rn1qkb1r/1b3ppp/p3pn2/1pp5/3P4/1B2PN2/PP2QPPP/RNB2RK1 w kq - 2 9	D29	QGA classical, 8...Bb7	16
rnbqkb1r/pp3ppp/2p1pn2/3p4/2PP4/4PN2/PP1N1PPP/R1BQKB1R b KQkq - 1 5	D30	QGD Slav	9
rnbqkb1r/pp4pp/2p1p3/3p1p2/2PPn3/3BPN2/PP1N1PPP/R1BQK2R w KQkq f6 0 7	D30	QGD Stonewall variation	12
r1bqkb1r/pp1n1ppp/2p1pn2/3p4/2PP4/4PN2/PP1N1PPP/R1BQKB1R w KQkq - 2 6	D30	QGD Slav	10
r1bqkb1r/pp1n1ppp/4pn2/2pp4/2PP4/3BPN2/PP1N1PPP/R1BQK2R w KQkq - 0 7	D30	QGD Slav Semmering variation	12
rnbqkb1r/pp3p1p/2p1pnp1/3p4/2PP4/4PN2/PP1N1PPP/R1BQKB1R w KQkq - 0 6	D30	QGD Spielmann variation	10
rnbqkb1r/ppp2ppp/4pn2/3p2B1/2PP4/5N2/PP2PPPP/RN1QKB1R b KQkq - 3 4	D30	QGD	7
r1bqkb1r/pp1n1ppp/2p1pn2/3p2B1/2PP4/4PN2/PP1N1PPP/R2QKB1R b KQkq - 1 6	D30	QGD Capablanca variation	11
rnbqk2r/ppp2ppp/4pn2/3p2B1/1bPP4/5N2/PP2PPPP/RN1QKB1R w KQkq - 4 5	D30	QGD Vienna variation	8
rnbqkb1r/ppp2pp1/4pn1p/3p2B1/2PP4/5N2/PP2PPPP/RN1QKB1R w KQkq - 0 5	D30	QGD Capablanca-Duras variation	8
rnb1kb1r/pp3pp1/2p1pq1p/3p4/2PP4/1QN2N2/PP2PPPP/R3KB1R b KQkq - 1 7	D30	QGD Hastings variation	13
rnbqkbnr/1pp2ppp/p3p3/3p4/2PP4/2N5/PP2PPPP/R1BQKBNR w KQkq - 0 4	D31	QGD Janowski variation	6
rnbqkbnr/p1p2ppp/1p2p3/3p4/2PP4/2N5/PP2PPPP/R1BQKBNR w KQkq - 0 4	D31	QGD Alapin variation	6
rnbqk1nr/ppp1bppp/4p3/3p4/2PP4/2N5/PP2PPPP/R1BQKBNR w KQkq - 2 4	D31	QGD Charousek (Petrosian) variation	6
rnbqkbnr/pp3ppp/2p1p3/3p4/2PP4/2N5/PP2PPPP/R1BQKBNR w KQkq - 0 4	D31	QGD semi-Slav	6
rnbqkbnr/pp3ppp/2p1p3/8/2pP4/2N2N2/PP2PPPP/R1BQKB1R w KQkq - 0 5	D31	QGD semi-Slav, Noteboom variation	8
rnb1k1nr/p3qppp/2p1p3/1p6/PbpP4/2N1PN2/1P1B1PPP/R2QKB1R w KQkq - 2 8	D31	QGD semi-Slav, Koomen variation	14
rnb1k1nr/p4ppp/1qp1p3/1p6/PbpP4/2N1PN2/1P1B1PPP/R2QKB1R w KQkq - 2 8	D31	QGD semi-Slav, Junge variation	14
rnbqk1nr/5ppp/2p1p3/pp6/PbpP4/2N1PN2/1P1B1PPP/R2QKB1R w KQkq a6 0 8	D31	QGD semi-Slav, Abrahams variation	14
rnbqkbnr/pp3ppp/2p1p3/3p4/2PPP3/2N5/PP3PPP/R1BQKBNR b KQkq e3 0 4	D31	QGD semi-Slav, Marshall gambit	7
rnbqkbnr/pp3ppp/4p3/2pp4/2PP4/2N5/PP2PPPP/R1BQKBNR w KQkq c6 0 4	D32	QGD Tarrasch defence	6
rnbqkbnr/pp3ppp/4p3/3P4/3p4/2N5/PP2PPPP/R1BQKBNR w KQkq - 0 5	D32	QGD Tarrasch, von Hennig-Schara gambit	8
rnbqkbnr/pp3ppp/8/2pp4/3P4/2N5/PP2PPPP/R1BQKBNR w KQkq - 0 5	D32	QGD Tarrasch defence, 4.cd ed	8
rnbqkbnr/p4ppp/8/1pP5/N2p4/8/PP2PPPP/R1BQKBNR w KQkq b6 0 7	D32	QGD Tarrasch defence, Tarrasch gambit	12
rnbqkbnr/pp3ppp/8/2pp4/3PP3/2N5/PP3PPP/R1BQKBNR b KQkq e3 0 5	D32	QGD Tarrasch defence, Marshall gambit	9
rnbqkbnr/pp3ppp/8/2pp4/3P4/2N2N2/PP2PPPP/R1BQKB1R b KQkq - 1 5	D32	QGD Tarrasch defence	9
r1bqkbnr/pp3ppp/2n5/2pp4/3P4/2N2NP1/PP2PP1P/R1BQKB1R b KQkq - 0 6	D33	QGD Tarrasch, Schlechter-Rubinstein system	11
r1bqkbnr/pp3ppp/2n5/3p4/2pP4/2N2NP1/PP2PP1P/R1BQKB1R w KQkq - 0 7	D33	QGD Tarrasch, Folkestone (Swedish) variation	12
r1bqkbnr/pp3ppp/2n5/3p4/2pPP3/2N2NP1/PP3P1P/R1BQKB1R b KQkq e3 0 7	D33	QGD Tarrasch, Schlechter-Rubinstein system, Rey Ardid variation	13
r1bqkb1r/pp3ppp/2n2n2/2pp4/3P4/2N2NP1/PP2PP1P/R1BQKB1R w KQkq - 1 7	D33	QGD Tarrasch, Prague variation	12
r2qkb1r/pp3ppp/2n2n2/2pp4/3P2b1/2N2NP1/PP2PPBP/R1BQK2R w KQkq - 3 8	D33	QGD Tarrasch, Wagner variation	14
r1bqk2r/pp2bppp/2n2n2/2pp4/3P4/2N2NP1/PP2PPBP/R1BQK2R w KQkq - 3 8	D34	QGD Tarrasch, Prague variation, 7...Be7	14
r1bq1rk1/pp2bppp/2n2n2/2pp4/3P4/2N2NP1/PP2PPBP/R1BQ1RK1 w - - 5 9	D34	QGD Tarrasch, Prague variation, Normal position	16
rnbqkb1r/ppp2ppp/4pn2/3p4/2PP4/2N5/PP2PPPP/R1BQKBNR w KQkq - 2 4	D35	QGD 3...Nf6	6
rnbqkb1r/ppp2ppp/4pn2/3p4/2PP1B2/2N5/PP2PPPP/R2QKBNR b KQkq - 3 4	D35	QGD Harrwitz attack	7
rnbqkb1r/ppp2ppp/4pn2/3P4/3P4/2N5/PP2PPPP/R1BQKBNR b KQkq - 0 4	D35	QGD exchange variation	7
r1bqkb1r/pppn1ppp/5n2/3p4/3P1B2/2N2N2/PP2PPPP/R2QKB1R b KQkq - 3 6	D35	QGD exchange, Saemisch variation	11
rnbqkb1r/ppp2ppp/5n2/3p2B1/3P4/2N5/PP2PPPP/R2QKBNR b KQkq - 1 5	D35	QGD exchange, positional line	9
rnbqkb1r/pp3ppp/2p2n2/3p2B1/3P4/2N5/PP2PPPP/R2QKBNR w KQkq - 0 6	D35	QGD exchange, positional line, 5...c6	10
rnbqkb1r/pp3ppp/2p2n2/3p2B1/3P4/2N5/PPQ1PPPP/R3KBNR b KQkq - 1 6	D36	QGD exchange, positional line, 6.Qc2	11
rnbqkb1r/ppp2ppp/4pn2/3p4/2PP4/2N2N2/PP2PPPP/R1BQKB1R b KQkq - 3 4	D37	QGD 4.Nf3	7
rnbqk2r/ppp1bppp/4pn2/3p4/2PP1B2/2N2N2/PP2PPPP/R2QKB1R b KQkq - 5 5	D37	QGD classical variation (5.Bf4)	9
rnbqk2r/ppp2ppp/4pn2/3p4/1bPP4/2N2N2/PP2PPPP/R1BQKB1R w KQkq - 4 5	D38	QGD Ragozin variation	8
rnbqk2r/ppp2ppp/4pn2/6B1/1bpP4/2N2N2/PP2PPPP/R2QKB1R w KQkq - 0 6	D39	QGD Ragozin, Vienna variation	10
rnbqkb1r/pp3ppp/4pn2/2pp4/2PP4/2N2N2/PP2PPPP/R1BQKB1R w KQkq c6 0 5	D40	QGD Semi-Tarrasch defence	8
r1bq1rk1/pp3ppp/2nbpn2/2pp4/2PP4/2NBPN2/PP3PPP/R1BQ1RK1 w - - 5 8	D40	QGD Semi-Tarrasch, symmetrical variation	14
rnbqkb1r/pp3ppp/4pn2/2pp2B1/2PP4/2N2N2/PP2PPPP/R2QKB1R b KQkq - 1 5	D40	QGD Semi-Tarrasch defence, Pillsbury variation	9
rnbqkb1r/pp3ppp/4pn2/2pP4/3P4/2N2N2/PP2PPPP/R1BQKB1R b KQkq - 0 5	D41	QGD Semi-Tarrasch, 5.cd	9
rnbqkb1r/pp3ppp/4p3/2pn4/3P4/2N1PN2/PP3PPP/R1BQKB1R b KQkq - 0 6	D41	QGD Semi-Tarrasch with e3	11
r1bqkb1r/pp3ppp/2n1p3/2pn4/3P4/2NBPN2/PP3PPP/R1BQK2R b KQkq - 2 7	D42	QGD Semi-Tarrasch, 7.Bd3	13
rnbqkb1r/pp3ppp/2p1pn2/3p4/2PP4/2N2N2/PP2PPPP/R1BQKB1R w KQkq - 0 5	D43	QGD semi-Slav	8
rnbqkb1r/pp3ppp/2p1pn2/6B1/2pP4/2N2N2/PP2PPPP/R2QKB1R w KQkq - 0 6	D44	QGD semi-Slav 5.Bg5 dc	10
rnbqkb1r/pp3ppp/2p1pn2/6B1/2pPP3/2N2N2/PP3PPP/R2QKB1R b KQkq e3 0 6	D44	QGD semi-Slav Botvinnik system (anti-Meran)	11
rnbqkb1r/pp3ppp/2p1pn2/3p4/2PP4/2N1PN2/PP3PPP/R1BQKB1R b KQkq - 0 5	D45	QGD semi-Slav 5.e3	9
rnbqkb1r/pp4pp/2p1p3/3p1p2/2PPn3/2NBPN2/PP3PPP/R1BQK2R w KQkq f6 0 7	D45	QGD semi-Slav stonewall defence	12
rnbqkb1r/1p3ppp/p1p1pn2/3p4/2PP4/2N1PN2/PP3PPP/R1BQKB1R w KQkq - 0 6	D45	QGD semi-Slav accelerated Meran (Alekhine variation)	10
r1bqkb1r/pp1n1ppp/2p1pn2/3p4/2PP4/2N1PN2/PP3PPP/R1BQKB1R w KQkq - 1 6	D45	QGD semi-Slav 5...Nd7	10
r1bqkb1r/pp1n1ppp/2p1pn2/3p4/2PP4/2N1PN2/PPQ2PPP/R1B1KB1R b KQkq - 2 6	D45	QGD semi-Slav Stoltz variation	11
r1bqkb1r/pp1n1ppp/2p1pn2/3pN3/2PP4/2N1P3/PP3PPP/R1BQKB1R b KQkq - 2 6	D45	QGD semi-Slav Rubinstein (anti-Meran) system	11
r1bqkb1r/pp1n1ppp/2p1pn2/3p4/2PP4/2NBPN2/PP3PPP/R1BQK2R b KQkq - 2 6	D46	QGD semi-Slav 6.Bd3	11
r1bqk2r/pp1nbppp/2p1pn2/3p4/2PP4/2NBPN2/PP3PPP/R1BQK2R w KQkq - 3 7	D46	QGD semi-Slav Bogolyubov variation	12
r1bqk2r/pp1n1ppp/2p1pn2/3p4/1bPP4/2NBPN2/PP3PPP/R1BQK2R w KQkq - 3 7	D46	QGD semi-Slav Romih variation	12
r1bqk2r/pp1n1ppp/2pbpn2/3p4/2PP4/2NBPN2/PP3PPP/R1BQK2R w KQkq - 3 7	D46	QGD semi-Slav Chigorin defence	12
r1bqkb1r/pp1n1ppp/2p1pn2/8/2BP4/2N1PN2/PP3PPP/R1BQK2R b KQkq - 0 7	D47	QGD semi-Slav 7.Bc4	13
r1bqkb1r/p2n1ppp/2p1pn2/1p6/2BP4/2N1PN2/PP3PPP/R1BQK2R w KQkq b6 0 8	D47	QGD semi-Slav Meran variation	14
r1bqkb1r/p2n1ppp/2p1pn2/8/1p1P4/2NBPN2/PP3PPP/R1BQK2R w KQkq - 0 9	D47	QGD semi-Slav neo-Meran (Lundin variation)	16
r2qkb1r/pb1n1ppp/2p1pn2/1p6/3P4/2NBPN2/PP3PPP/R1BQK2R w KQkq - 2 9	D47	QGD semi-Slav Meran, Wade variation	16
r1bqkb1r/3n1ppp/p1p1pn2/1p6/3P4/2NBPN2/PP3PPP/R1BQK2R w KQkq - 0 9	D48	QGD semi-Slav Meran, 8...a6	16
rnbqkb1r/ppp2ppp/4pn2/3p2B1/2PP4/2N5/PP2PPPP/R2QKBNR b KQkq - 3 4	D50	QGD 4.Bg5	7
rnbqkb1r/pp3ppp/4pn2/2pp2B1/2PP4/2N5/PP2PPPP/R2QKBNR w KQkq c6 0 5	D50	QGD Been-Koomen variation	8
rnbqkb1r/1p3ppp/p4n2/1N1pp1B1/Q1P5/2N5/PP2PPPP/R3KB1R b KQkq - 1 8	D50	QGD Semi-Tarrasch, Krause variation	15
rnbqkb1r/pp3ppp/4pn2/3p2B1/2PQ4/2N2N2/PP2PPPP/R3KB1R b KQkq - 0 6	D50	QGD Semi-Tarrasch, Primitive Pillsbury variation	11
rnbqkb1r/pp3ppp/4pn2/2pP2B1/3P4/2N5/PP2PPPP/R2QKBNR b KQkq - 0 5	D50	QGD Semi-Tarrasch	9
rnb1kb1r/pp3ppp/1q2pn2/2pP2B1/3P4/2N5/PP2PPPP/R2QKBNR w KQkq - 1 6	D50	QGD Canal (Venice) variation	10
r1bqkb1r/pppn1ppp/4pn2/3p2B1/2PP4/2N5/PP2PPPP/R2QKBNR w KQkq - 4 5	D51	QGD 4.Bg5 Nbd7	8
r1b1kb1r/pp1n1ppp/2p1pn2/q2p4/2PP4/2N2N2/PP1BPPPP/2RQKB1R b Kkq - 3 7	D51	QGD Rochlin variation	13
r1bqkb1r/pp1n1ppp/2p1pn2/3p2B1/2PPP3/2N2N2/PP3PPP/R2QKB1R b KQkq e3 0 6	D51	QGD Alekhine variation	11
r1bqkb1r/pppn1ppp/4pn2/3p2B1/2PP4/2N1P3/PP3PPP/R2QKBNR b KQkq - 0 5	D51	QGD	9
r1bqk2r/pppn1ppp/4pn2/3p2B1/1bPP4/2N1P3/PP3PPP/R2QKBNR w KQkq - 1 6	D51	QGD Manhattan variation	10
r1bqkb1r/pp1n1ppp/2p1pn2/3p2B1/2PP4/2N1P3/PP3PPP/R2QKBNR w KQkq - 0 6	D51	QGD 5...c6	10
r1bqkb1r/pp1n1ppp/2p1pn2/3p2B1/2PP4/P1N1P3/1P3PPP/R2QKBNR b KQkq - 0 6	D51	QGD Capablanca anti-Cambridge Springs variation	11
r1bqkb1r/pp1n1ppp/2p1pn2/3p2B1/2PP4/2N1PN2/PP3PPP/R2QKB1R b KQkq - 1 6	D52	QGD	11
r1b1kb1r/pp1n1ppp/2p1pn2/q2p2B1/2PP4/2N1PN2/PP3PPP/R2QKB1R w KQkq - 2 7	D52	QGD Cambridge Springs defence	12
r1b1k2r/pp1n1ppp/2p1pn2/q2p2B1/1bPP4/2N1P3/PPQN1PPP/R3KB1R b KQkq - 5 8	D52	QGD Cambridge Springs defence, Bogoljubow variation	15
r1b1kb1r/pp1n1ppp/2p1pn2/q5B1/2pP4/2N1P3/PP1N1PPP/R2QKB1R w KQkq - 0 8	D52	QGD Cambridge Springs defence, Rubinstein variation	14
r1b1kb1r/pp1n1ppp/2p1pB2/q2p4/2PP4/2N1PN2/PP3PPP/R2QKB1R b KQkq - 0 7	D52	QGD Cambridge Springs defence, Capablanca variation	13
r1b1kb1r/pp1n1ppp/2p1pn2/q2P2B1/3P4/2N1PN2/PP3PPP/R2QKB1R b KQkq - 0 7	D52	QGD Cambridge Springs defence, 7.cd	13
r1b1kb1r/pp1n1ppp/2p1p3/q2n2B1/3P4/2N1PN2/PP3PPP/R2QKB1R w KQkq - 0 8	D52	QGD Cambridge Springs defence, Yugoslav variation	14
rnbqk2r/ppp1bppp/4pn2/3p2B1/2PP4/2N5/PP2PPPP/R2QKBNR w KQkq - 4 5	D53	QGD 4.Bg5 Be7	8
rnbqk2r/ppp1bppp/4p3/3p2B1/2PPn3/2N1P3/PP3PPP/R2QKBNR w KQkq - 1 6	D53	QGD Lasker variation	10
rnbq1rk1/ppp1bppp/4pn2/3p2B1/2PP4/2N1P3/PP3PPP/R2QKBNR w KQ - 1 6	D53	QGD 4.Bg5 Be7, 5.e3 O-O	10
rnbq1rk1/ppp1bppp/4pn2/3p2B1/2PP4/2N1P3/PP3PPP/2RQKBNR b K - 2 6	D54	QGD Anti-neo-orthodox variation	11
rnbq1rk1/ppp1bppp/4pn2/3p2B1/2PP4/2N1PN2/PP3PPP/R2QKB1R b KQ - 2 6	D55	QGD 6.Nf3	11
rnbq1rk1/ppp1bpp1/4pn1p/3p2B1/2PP4/2N1PN2/PP3PPP/R2QKB1R w KQ - 0 7	D55	QGD Neo-orthodox variation	12
rnbq1rk1/ppp1bpp1/4pB1p/3p4/2PP4/2N1PN2/PP3PPP/R2QKB1R b KQ - 0 7	D55	QGD Neo-orthodox variation, 7.Bxf6	13
rnbq1rk1/ppp1bpp1/4pn1p/3p4/2PP3B/2N1PN2/PP3PPP/R2QKB1R b KQ - 1 7	D55	QGD Neo-orthodox variation, 7.Bh4	13
rnbq1rk1/ppp1bpp1/4p2p/3p4/2PPn2B/2N1PN2/PP3PPP/R2QKB1R w KQ - 2 8	D56	QGD Lasker defence	14
rnbq1rk1/p1p1bpp1/1p2pn1p/3p4/2PP3B/2N1PN2/PP3PPP/R2QKB1R w KQ - 0 8	D58	QGD Tartakower (Makagonov-Bondarevsky) system	14
rnbq1rk1/p1p1bpp1/1p2p2p/3n4/3P3B/2N1PN2/PP3PPP/R2QKB1R w KQ - 0 9	D59	QGD Tartakower (Makagonov-Bondarevsky) system, 8.cd Nxd5	16
r1bq1rk1/pppnbppp/4pn2/3p2B1/2PP4/2N1PN2/PP3PPP/R2QKB1R w KQ - 3 7	D60	QGD Orthodox defence	12
r1bq1rk1/pppnbppp/4pn2/3p2B1/2PP4/2NBPN2/PP3PPP/R2QK2R b KQ - 4 7	D60	QGD Orthodox defence, Botvinnik variation	13
r1bq1rk1/pppnbppp/4pn2/3p2B1/2PP4/1QN1PN2/PP3PPP/R3KB1R b KQ - 4 7	D60	QGD Orthodox defence, Rauzer variation	13
r1bq1rk1/pppnbppp/4pn2/3p2B1/2PP4/2N1PN2/PPQ2PPP/R3KB1R b KQ - 4 7	D61	QGD Orthodox defence, Rubinstein variation	13
r1bq1rk1/pp1nbppp/4pn2/2pP2B1/3P4/2N1PN2/PPQ2PPP/R3KB1R b KQ - 0 8	D62	QGD Orthodox defence, 7.Qc2 c5, 8.cd (Rubinstein)	15
r1bq1rk1/pppnbppp/4pn2/3p2B1/2PP4/2N1PN2/PP3PPP/2RQKB1R b K - 4 7	D63	QGD Orthodox defence, 7.Rc1	13
r1bq1rk1/1ppnbppp/p3pn2/3p2B1/2PP4/2N1PN2/PP3PPP/2RQKB1R w K - 0 8	D63	QGD Orthodox defence, Swiss (Henneberger) variation	14
r1bq1rk1/1ppnbppp/p3pn2/3P2B1/3P4/2N1PN2/PP3PPP/2RQKB1R b K - 0 8	D63	QGD Orthodox defence, Swiss, Karlsbad variation	15
r1bq1rk1/pp1nbppp/2p1pn2/3p2B1/2PP4/2N1PN2/PP3PPP/2RQKB1R w K - 0 8	D63	QGD Orthodox defence	14
r1bq1rk1/pp1nbppp/2p1pn2/3p2B1/2PP4/2N1PN2/PPQ2PPP/2R1KB1R b K - 1 8	D64	QGD Orthodox defence, Rubinstein attack (with Rc1)	15
r1bq1rk1/pp1nbppp/2p1p3/3p2B1/2PPn3/2N1PN2/PPQ2PPP/2R1KB1R w K - 2 9	D64	QGD Orthodox defence, Rubinstein attack, Wolf variation	16
r1bq1rk1/1p1nbppp/p1p1pn2/3p2B1/2PP4/2N1PN2/PPQ2PPP/2R1KB1R w K - 0 9	D64	QGD Orthodox defence, Rubinstein attack, Karlsbad variation	16
r1bq1rk1/pp1nbppp/2p1pn2/3p2B1/2PP4/2NBPN2/PP3PPP/2RQK2R b K - 1 8	D66	QGD Orthodox defence, Bd3 line	15
rnbqkb1r/ppp1pp1p/5np1/3p4/2PP4/5P2/PP2P1PP/RNBQKBNR w KQkq d6 0 4	D70	Neo-Gruenfeld defence	6
rnbqkb1r/ppp1pp1p/5np1/3p4/2PP4/6P1/PP2PP1P/RNBQKBNR w KQkq d6 0 4	D70	Neo-Gruenfeld (Kemeri) defence	6
rnbqk2r/ppp1ppbp/6p1/3n4/3P4/6P1/PP2PPBP/RNBQK1NR w KQkq - 0 6	D71	Neo-Gruenfeld, 5.cd	10
rnbqk2r/ppp1ppbp/1n4p1/8/3PP3/6P1/PP2NPBP/RNBQK2R b KQkq - 2 7	D72	Neo-Gruenfeld, 5.cd, main line	13
rnbqk2r/ppp1ppbp/5np1/3p4/2PP4/5NP1/PP2PPBP/RNBQK2R b KQkq - 3 5	D73	Neo-Gruenfeld, 5.Nf3	9
rnbq1rk1/ppp1ppbp/6p1/3n4/3P4/5NP1/PP2PPBP/RNBQ1RK1 b - - 1 7	D74	Neo-Gruenfeld, 6.cd Nxd5, 7.O-O	13
rnbq1rk1/pp2ppbp/6p1/2pn4/3P4/2N2NP1/PP2PPBP/R1BQ1RK1 b - - 1 8	D75	Neo-Gruenfeld, 6.cd Nxd5, 7.O-O c5, 8.Nc3	15
rnbq1rk1/pp2ppbp/6p1/2Pn4/8/5NP1/PP2PPBP/RNBQ1RK1 b - - 0 8	D75	Neo-Gruenfeld, 6.cd Nxd5, 7.O-O c5, 8.dc	15
rnbq1rk1/ppp1ppbp/1n4p1/8/3P4/5NP1/PP2PPBP/RNBQ1RK1 w - - 2 8	D76	Neo-Gruenfeld, 6.cd Nxd5, 7.O-O Nb6	14
rnbq1rk1/ppp1ppbp/5np1/3p4/2PP4/5NP1/PP2PPBP/RNBQ1RK1 b - - 5 6	D77	Neo-Gruenfeld, 6.O-O	11
rnbq1rk1/pp2ppbp/2p2np1/3p4/2PP4/5NP1/PP2PPBP/RNBQ1RK1 w - - 0 7	D78	Neo-Gruenfeld, 6.O-O c6	12
rnbq1rk1/pp2ppbp/5np1/3p4/3P4/5NP1/PP2PPBP/RNBQ1RK1 w - - 0 8	D79	Neo-Gruenfeld, 6.O-O, main line	14
rnbqkb1r/ppp1pp1p/5np1/3p4/2PP4/2N5/PP2PPPP/R1BQKBNR w KQkq d6 0 4	D80	Gruenfeld defence	6
rnbqkb1r/ppp1pp1p/5np1/3p4/2PP2P1/2N5/PP2PP1P/R1BQKBNR b KQkq g3 0 4	D80	Gruenfeld Spike gambit	7
rnbqkb1r/ppp1pp1p/5np1/3p2B1/2PP4/2N5/PP2PPPP/R2QKBNR b KQkq - 1 4	D80	Gruenfeld Stockholm variation	7
rnbqkb1r/pp2pp1p/6p1/2p3B1/2PPp3/8/PP1QPPPP/R3KBNR w KQkq c6 0 7	D80	Gruenfeld Lundin variation	12
rnbqkb1r/ppp1pp1p/5np1/3p4/2PP4/1QN5/PP2PPPP/R1B1KBNR b KQkq - 1 4	D81	Gruenfeld Russian variation	7
rnbqkb1r/ppp1pp1p/5np1/3p4/2PP1B2/2N5/PP2PPPP/R2QKBNR b KQkq - 1 4	D82	Gruenfeld 4.Bf4	7
rnbq1rk1/ppp1ppbp/5np1/3p4/2PP1B2/2N1P3/PP3PPP/R2QKBNR w KQ - 1 6	D83	Gruenfeld Gruenfeld gambit	10
rnbq1rk1/ppp1ppbp/5np1/3p4/2PP1B2/2N1P3/PP3PPP/2RQKBNR b K - 2 6	D83	Gruenfeld Gruenfeld gambit, Capablanca variation	11
rn1q1rk1/pp2ppbp/4bnp1/2Pp4/2P2B2/2N1P3/PP3PPP/2RQKBNR w K - 1 8	D83	Gruenfeld Gruenfeld gambit, Botvinnik variation	14
rnb2rk1/ppB1ppbp/6p1/3q4/3P4/4P3/PP3PPP/R2QKBNR b KQ - 0 8	D84	Gruenfeld Gruenfeld gambit accepted	15
rnbqkb1r/ppp1pp1p/6p1/3n4/3P4/2N5/PP2PPPP/R1BQKBNR w KQkq - 0 5	D85	Gruenfeld exchange variation	8
rnbqk2r/ppp1ppbp/6p1/8/3PP3/2P2N2/P4PPP/R1BQKB1R b KQkq - 2 7	D85	Gruenfeld modern exchange variation	13
rnbqk2r/ppp1ppbp/6p1/8/2BPP3/2P5/P4PPP/R1BQK1NR b KQkq - 2 7	D86	Gruenfeld exchange, classical variation	13
rnbq1rk1/p1p1ppbp/1p4p1/8/2BPP3/2P5/P3NPPP/R1BQK2R w KQ - 0 9	D86	Gruenfeld exchange, Simagin's lesser variation	16
r1bq1rk1/ppp1ppbp/2n3p1/8/2BPP3/2P5/P3NPPP/R1BQK2R w KQ - 5 9	D86	Gruenfeld exchange, Simagin's improved variation	16
rnbq1rk1/pp2ppbp/6p1/2p5/2BPP3/2P5/P3NPPP/R1BQK2R w KQ c6 0 9	D87	Gruenfeld exchange, Spassky variation	16
rnbqkb1r/ppp1pp1p/5np1/3p4/2PP4/2N2N2/PP2PPPP/R1BQKB1R b KQkq - 1 4	D90	Gruenfeld Three knights variation	7
rnbqk2r/ppp1ppbp/5np1/3p4/2PP4/2N2N2/PP2PPPP/R1BQKB1R w KQkq - 2 5	D90	Gruenfeld Three knights variation	8
rnbqk2r/ppp1ppbp/5np1/3p4/Q1PP4/2N2N2/PP2PPPP/R1B1KB1R b KQkq - 3 5	D90	Gruenfeld Flohr variation	9
rnbqk2r/ppp1ppbp/5np1/3p2B1/2PP4/2N2N2/PP2PPPP/R2QKB1R b KQkq - 3 5	D91	Gruenfeld 5.Bg5	9
rnbqk2r/ppp1ppbp/5np1/3p4/2PP1B2/2N2N2/PP2PPPP/R2QKB1R b KQkq - 3 5	D92	Gruenfeld 5.Bf4	9
rnbq1rk1/ppp1ppbp/5np1/3p4/2PP1B2/2N1PN2/PP3PPP/R2QKB1R b KQ - 0 6	D93	Gruenfeld with Bf4    e3	11
rnbqk2r/ppp1ppbp/5np1/3p4/2PP4/2N1PN2/PP3PPP/R1BQKB1R b KQkq - 0 5	D94	Gruenfeld 5.e3	9
rnbq1rk1/ppp1ppbp/5np1/3p4/1PPP4/2N1PN2/P4PPP/R1BQKB1R b KQ b3 0 6	D94	Gruenfeld Makogonov variation	11
rnbq1rk1/ppp1ppbp/5np1/3p4/2PP4/2N1PN2/PP1B1PPP/R2QKB1R b KQ - 2 6	D94	Gruenfeld Opovcensky variation	11
rnbq1rk1/ppp1ppbp/5np1/3p4/2PP4/2NBPN2/PP3PPP/R1BQK2R b KQ - 2 6	D94	Gruenfeld with e3    Bd3	11
rn1q1rk1/pp2ppbp/2p2np1/3p4/2PP2b1/2NBPN2/PP3PPP/R1BQ1RK1 w - - 2 8	D94	Gruenfeld Smyslov defence	14
rn1q1rk1/pp2ppbp/2p2np1/3p1b2/2PP4/2NBPN2/PP3PPP/R1BQ1RK1 w - - 2 8	D94	Gruenfeld Flohr defence	14
rnbq1rk1/ppp1ppbp/5np1/3p4/2PP4/1QN1PN2/PP3PPP/R1B1KB1R b KQ - 2 6	D95	Gruenfeld with e3 & Qb3	11
rnbq1rk1/ppp2pbp/4pnp1/3p4/2PP4/1QN1PN2/PP3PPP/R1B1KB1R w KQ - 0 7	D95	Gruenfeld Botvinnik variation	12
r1bq1rk1/pppnppbp/5np1/6N1/2BP4/1QN1P3/PP3PPP/R1B1K2R b KQ - 2 8	D95	Gruenfeld Pachman variation	15
rnbqk2r/ppp1ppbp/5np1/3p4/2PP4/1QN2N2/PP2PPPP/R1B1KB1R b KQkq - 3 5	D96	Gruenfeld Russian variation	9
rnbq1rk1/ppp1ppbp/5np1/8/2QPP3/2N2N2/PP3PPP/R1B1KB1R b KQ e3 0 7	D97	Gruenfeld Russian variation with e4	13
rnbq1rk1/1pp1ppbp/p4np1/8/2QPP3/2N2N2/PP3PPP/R1B1KB1R w KQ - 0 8	D97	Gruenfeld Russian, Alekhine (Hungarian) variation	14
rnbq1rk1/pp2ppbp/2p2np1/8/2QPP3/2N2N2/PP3PPP/R1B1KB1R w KQ - 0 8	D97	Gruenfeld Russian, Szabo (Boleslavsky) variation	14
rnbq1rk1/p1p1ppbp/1p3np1/8/2QPP3/2N2N2/PP3PPP/R1B1KB1R w KQ - 0 8	D97	Gruenfeld Russian, Levenfish variation	14
r1bq1rk1/ppp1ppbp/2n2np1/8/2QPP3/2N2N2/PP3PPP/R1B1KB1R w KQ - 1 8	D97	Gruenfeld Russian, Byrne (Simagin) variation	14
r1bq1rk1/ppp1ppbp/n4np1/8/2QPP3/2N2N2/PP3PPP/R1B1KB1R w KQ - 1 8	D97	Gruenfeld Russian, Prins variation	14
rn1q1rk1/ppp1ppbp/5np1/8/2QPP1b1/2N2N2/PP3PPP/R1B1KB1R w KQ - 1 8	D98	Gruenfeld Russian, Smyslov variation	14
rnbqkb1r/ppp2ppp/4pn2/3p4/2PP4/6P1/PP2PPBP/RNBQK1NR b KQkq - 1 4	E01	Catalan closed	7
rnbqkb1r/ppp2ppp/4pn2/8/Q1pP4/6P1/PP2PPBP/RNB1K1NR b KQkq - 1 5	E02	Catalan open, 5.Qa4	9
r1bqkb1r/1ppn1ppp/p3pn2/8/3P4/6P1/PPQ1PPBP/RNB1K1NR b KQkq - 1 7	E03	Catalan open, Alekhine variation	13
r1bqkb1r/pppn1ppp/4pn2/8/2QP4/6P1/PP2PPBP/RNB1K1NR b KQkq - 0 6	E03	Catalan open, 5.Qa4 Nbd7, 6.Qxc4	11
rnbqkb1r/ppp2ppp/4pn2/8/2pP4/5NP1/PP2PPBP/RNBQK2R b KQkq - 1 5	E04	Catalan open, 5.Nf3	9
rnbqk2r/ppp1bppp/4pn2/8/2pP4/5NP1/PP2PPBP/RNBQK2R w KQkq - 2 6	E05	Catalan open, classical line	10
rnbqk2r/ppp1bppp/4pn2/3p4/2PP4/5NP1/PP2PPBP/RNBQK2R b KQkq - 3 5	E06	Catalan closed, 5.Nf3	9
r1bq1rk1/pppnbppp/4pn2/3p4/2PP4/5NP1/PP2PPBP/RNBQ1RK1 w - - 6 7	E07	Catalan closed, 6...Nbd7	12
r1bq1rk1/pp1nbppp/2p1pn2/3p4/2PP4/2NQ1NP1/PP2PPBP/R1B2RK1 b - - 1 8	E07	Catalan closed, Botvinnik variation	15
r1bq1rk1/pppnbppp/4pn2/3p4/2PP4/5NP1/PPQ1PPBP/RNB2RK1 b - - 7 7	E08	Catalan closed, 7.Qc2	13
r1bq1rk1/pp1nbppp/2p1pn2/3p4/2PP4/1P3NP1/P1Q1PPBP/RNB2RK1 b - - 0 8	E08	Catalan closed, Qc2 & b3	15
r1bq1rk1/pp1nbppp/2p1pn2/3p4/2PP4/5NP1/PPQNPPBP/R1B2RK1 b - - 1 8	E09	Catalan closed, main line	15
rnbqkb1r/p2p1ppp/4pn2/1ppP4/2P5/5N2/PP2PPPP/RNBQKB1R w KQkq b6 0 5	E10	Blumenfeld counter-gambit	8
rnbqkb1r/p5pp/4pn2/1Ppp4/8/5N2/PP2PPPP/RNBQKB1R w KQkq d6 0 7	E10	Blumenfeld counter-gambit accepted	12
rnbqkb1r/p2p1ppp/4pn2/1ppP2B1/2P5/5N2/PP2PPPP/RN1QKB1R b KQkq - 1 5	E10	Blumenfeld counter-gambit, Dus-Chotimursky variation	9
rnbqkb1r/p2p1pp1/5n1p/1ppP2B1/8/5N2/PP2PPPP/RN1QKB1R w KQkq - 0 7	E10	Blumenfeld counter-gambit, Spielmann variation	12
rnbqkb1r/1ppp1ppp/p3pn2/8/2PP4/5N2/PP2PPPP/RNBQKB1R w KQkq - 0 4	E10	Dzindzikhashvili defence	6
rnbqkb1r/pppp1ppp/4p3/8/2PPn3/5N2/PP2PPPP/RNBQKB1R w KQkq - 2 4	E10	Doery defence	6
rnbqk2r/pppp1ppp/4pn2/8/1bPP4/5N2/PP2PPPP/RNBQKB1R w KQkq - 2 4	E11	Bogo-Indian defence	6
rnbqk2r/pppp1ppp/4pn2/8/1bPP4/5N2/PP1NPPPP/R1BQKB1R b KQkq - 3 4	E11	Bogo-Indian defence, Gruenfeld variation	7
rnb1k2r/ppppqppp/4pn2/8/1bPP4/5N2/PP1BPPPP/RN1QKB1R w KQkq - 4 5	E11	Bogo-Indian defence, Nimzovich variation	8
rnbqkb1r/p1pp1ppp/1p2pn2/8/2PP4/5N2/PP2PPPP/RNBQKB1R w KQkq - 0 4	E12	Queen's Indian defence	6
rnbqkb1r/p1pp1ppp/1p2pn2/8/2PP1B2/5N2/PP2PPPP/RN1QKB1R b KQkq - 1 4	E12	Queen's Indian Miles variation	7
rnbqkb1r/p1pp1ppp/1p2pn2/8/2PP4/P4N2/1P2PPPP/RNBQKB1R b KQkq - 0 4	E12	Queen's Indian Petrosian system	7
rnbqkb1r/p1pp1ppp/1p2pn2/8/2PP4/2N2N2/PP2PPPP/R1BQKB1R b KQkq - 1 4	E12	Queen's Indian 4.Nc3	7
rn1qkb1r/pbpp1p2/1p2p2p/6pn/2PP4/2N2NB1/PP2PPPP/R2QKB1R w KQkq - 2 8	E12	Queen's Indian 4.Nc3, Botvinnik variation	14
rn1qk2r/pbpp1pp1/1p2pn1p/8/1bPP3B/2N2N2/PP2PPPP/R2QKB1R w KQkq - 2 7	E13	Queen's Indian 4.Nc3, main line	12
rnbqkb1r/p1pp1ppp/1p2pn2/8/2PP4/4PN2/PP3PPP/RNBQKB1R b KQkq - 0 4	E14	Queen's Indian 4.e3	7
rnbqkb1r/p1pp1ppp/1p2pn2/8/2PP4/5NP1/PP2PP1P/RNBQKB1R b KQkq - 0 4	E15	Queen's Indian 4.g3	7
rn1qkb1r/p1pp1ppp/bp2pn2/8/2PP4/5NP1/PP2PP1P/RNBQKB1R w KQkq - 1 5	E15	Queen's Indian Nimzovich variation (exaggerated fianchetto)	8
rn1qkb1r/pbpp1ppp/1p2pn2/8/2PP4/5NP1/PP2PP1P/RNBQKB1R w KQkq - 1 5	E15	Queen's Indian 4.g3 Bb7	8
rn1qkb1r/pb1p1ppp/1p3n2/2pp4/2P4N/6P1/PP2PPBP/RNBQK2R b KQkq - 1 7	E15	Queen's Indian Rubinstein variation	13
rn1qkb1r/pb1p1ppp/1p3n2/2pp2N1/2P5/6P1/PP2PPBP/RNBQK2R b KQkq - 1 7	E15	Queen's Indian Buerger variation	13
rn1qk2r/pbpp1ppp/1p2pn2/8/1bPP4/5NP1/PP2PPBP/RNBQK2R w KQkq - 3 6	E16	Queen's Indian Capablanca variation	10
rn1qk2r/1bpp1ppp/1p2pn2/p7/1bPP4/5NP1/PP1BPPBP/RN1QK2R w KQkq a6 0 7	E16	Queen's Indian Yates variation	12
rn1qk2r/pbppbppp/1p2pn2/8/2PP4/5NP1/PP1BPPBP/RN1QK2R w KQkq - 5 7	E16	Queen's Indian Riumin variation	12
rn1qk2r/pbppbppp/1p2pn2/8/2PP4/5NP1/PP2PPBP/RNBQK2R w KQkq - 3 6	E17	Queen's Indian 5.Bg2 Be7	10
rn1qk2r/pbppbppp/1p2pn2/8/2PP4/2N2NP1/PP2PPBP/R1BQK2R b KQkq - 4 6	E17	Queen's Indian anti-Queen's Indian system	11
rn1qk2r/pbppbppp/1p2p3/8/2PPn3/2N2NP1/PP1BPPBP/R2QK2R b KQkq - 6 7	E17	Queen's Indian Opovcensky variation	13
rn1qk2r/pbppbppp/1p2pn2/8/2PP4/5NP1/PP2PPBP/RNBQ1RK1 b kq - 4 6	E17	Queen's Indian old main line, 6.O-O	11
rn1q1rk1/pbppbppp/1p2pn2/8/2PP4/1P3NP1/P3PPBP/RNBQ1RK1 b - - 0 7	E17	Queen's Indian Euwe variation	13
rn1q1rk1/pbppbppp/1p2pn2/8/2PP4/2N2NP1/PP2PPBP/R1BQ1RK1 b - - 6 7	E18	Queen's Indian old main line, 7.Nc3	13
rnbqk2r/pppp1ppp/4pn2/8/1bPP4/2N5/PP2PPPP/R1BQKBNR w KQkq - 2 4	E20	Nimzo-Indian defence	6
rnbqk2r/pppp1ppp/4pn2/8/1bPP4/2N2P2/PP2P1PP/R1BQKBNR b KQkq - 0 4	E20	Nimzo-Indian Kmoch variation	7
rnbqk2r/pppp1ppp/4pn2/8/1bPP4/2NQ4/PP2PPPP/R1B1KBNR b KQkq - 3 4	E20	Nimzo-Indian Mikenas attack	7
rnbqk2r/pppp1ppp/4pn2/8/1bPP4/2N3P1/PP2PP1P/R1BQKBNR b KQkq - 0 4	E20	Nimzo-Indian Romanishin-Kasparov (Steiner) system	7
rnbqk2r/pppp1ppp/4pn2/8/1bPP4/2N2N2/PP2PPPP/R1BQKB1R b KQkq - 3 4	E21	Nimzo-Indian three knights variation	7
rnbqk2r/pp1p1ppp/4pn2/2pP4/1bP5/2N2N2/PP2PPPP/R1BQKB1R b KQkq - 0 5	E21	Nimzo-Indian three knights, Korchnoi variation	9
rnbqk2r/pp1p1ppp/4p3/2pP4/1bP1n3/2N2N2/PP2PPPP/R1BQKB1R w KQkq - 1 6	E21	Nimzo-Indian three knights, Euwe variation	10
rnbqk2r/pppp1ppp/4pn2/8/1bPP4/1QN5/PP2PPPP/R1B1KBNR b KQkq - 3 4	E22	Nimzo-Indian Spielmann variation	7
r1bqk2r/pp1p1ppp/2n1pn2/2P5/1bP5/1QN5/PP2PPPP/R1B1KBNR w KQkq - 1 6	E23	Nimzo-Indian Spielmann, 4...c5, 5.dc Nc6	10
r1bqk2r/pp1p1ppp/2n1p3/2P5/1bP5/1QN2N2/PP1nPPPP/R3KB1R w KQkq - 0 8	E23	Nimzo-Indian Spielmann, Karlsbad variation	14
r1bqk2r/pp1p1ppp/2n1p3/2n5/1bP5/1QN2N2/PP1BPPPP/R3KB1R w KQkq - 0 8	E23	Nimzo-Indian Spielmann, San Remo variation	14
rnbqk2r/pppp1ppp/4pn2/8/2PP4/P1P5/4PPPP/R1BQKBNR b KQkq - 0 5	E24	Nimzo-Indian Saemisch variation	9
rnbq1rk1/pp3ppp/4p3/2pn4/3P4/P1P1PP2/6PP/R1BQKBNR w KQ - 0 9	E24	Nimzo-Indian Saemisch, Botvinnik variation	16
rnbqk2r/pp3ppp/4pn2/2pP4/3P4/P1P2P2/4P1PP/R1BQKBNR b KQkq - 0 7	E25	Nimzo-Indian Saemisch variation	13
rnbqk2r/pp3ppp/4p3/2Pn4/8/P1P2P2/4P1PP/R1BQKBNR b KQkq - 0 8	E25	Nimzo-Indian Saemisch, Keres variation	15
rnbqk2r/pp4pp/4p3/2Pn1p2/8/P1P2P2/4P1PP/R1BQKBNR w KQkq f6 0 9	E25	Nimzo-Indian Saemisch, Romanovsky variation	16
rnbqk2r/pp1p1ppp/4pn2/2p5/2PP4/P1P1P3/5PPP/R1BQKBNR b KQkq - 0 6	E26	Nimzo-Indian Saemisch variation	11
rnbqk2r/p2p1ppp/1p2pn2/2p5/2PP4/P1P1P3/5PPP/R1BQKBNR w KQkq - 0 7	E26	Nimzo-Indian Saemisch, O'Kelly variation	12
rnbq1rk1/pppp1ppp/4pn2/8/2PP4/P1P5/4PPPP/R1BQKBNR w KQ - 1 6	E27	Nimzo-Indian Saemisch variation	10
rnbq1rk1/pppp1ppp/4pn2/8/2PP4/P1P1P3/5PPP/R1BQKBNR b KQ - 0 6	E28	Nimzo-Indian Saemisch variation	11
r1bq1rk1/pp1p1ppp/2n1pn2/2p5/2PP4/P1PBP3/5PPP/R1BQK1NR w KQ - 2 8	E29	Nimzo-Indian Saemisch, main line	14
rnbqk2r/pppp1ppp/4pn2/6B1/1bPP4/2N5/PP2PPPP/R2QKBNR b KQkq - 3 4	E30	Nimzo-Indian Leningrad variation	7
rnbqk2r/p2p1pp1/4pn1p/1ppP4/1bP4B/2N5/PP2PPPP/R2QKBNR w KQkq b6 0 7	E30	Nimzo-Indian Leningrad, ...b5 gambit	12
rnbqk2r/pp3pp1/3ppn1p/2pP4/1bP4B/2N5/PP2PPPP/R2QKBNR w KQkq - 0 7	E31	Nimzo-Indian Leningrad, main line	12
rnbqk2r/pppp1ppp/4pn2/8/1bPP4/2N5/PPQ1PPPP/R1B1KBNR b KQkq - 3 4	E32	Nimzo-Indian classical variation	7
rnbq1rk1/p1pp1ppp/4pn2/1p6/2PP4/P1Q5/1P2PPPP/R1B1KBNR w KQ b6 0 7	E32	Nimzo-Indian classical, Adorjan gambit	12
r1bqk2r/pppp1ppp/2n1pn2/8/1bPP4/2N5/PPQ1PPPP/R1B1KBNR w KQkq - 4 5	E33	Nimzo-Indian classical, 4...Nc6	8
r1bqk2r/ppp2ppp/2nppn2/8/1bPP4/2N2N2/PPQ1PPPP/R1B1KB1R w KQkq - 0 6	E33	Nimzo-Indian classical, Milner-Barry (Zurich) variation	10
rnbqk2r/ppp2ppp/4pn2/3p4/1bPP4/2N5/PPQ1PPPP/R1B1KBNR w KQkq d6 0 5	E34	Nimzo-Indian classical, Noa variation	8
rnbqk2r/ppp2ppp/5n2/3p4/1b1P4/2N5/PPQ1PPPP/R1B1KBNR w KQkq - 0 6	E35	Nimzo-Indian classical, Noa variation, 5.cd ed	10
rnbqk2r/ppp2ppp/4pn2/3p4/1bPP4/P1N5/1PQ1PPPP/R1B1KBNR b KQkq - 0 5	E36	Nimzo-Indian classical, Noa variation, 5.a3	9
r1bqk2r/ppp2ppp/2n1pn2/3p4/2PP4/P1Q5/1P2PPPP/R1B1KBNR w KQkq - 1 7	E36	Nimzo-Indian classical, Botvinnik variation	12
rnbqk2r/ppp2ppp/4p3/3p4/2PPn3/P1Q5/1P2PPPP/R1B1KBNR w KQkq - 1 7	E36	Nimzo-Indian classical, Noa variation, main line	12
rnbqk2r/ppp2ppp/4p3/3p4/2PPn3/P7/1PQ1PPPP/R1B1KBNR b KQkq - 2 7	E37	Nimzo-Indian classical, Noa variation, main line, 7.Qc2	13
r1bqk2r/ppp2ppp/2n5/3pp3/2PPn3/P3P3/1PQ2PPP/R1B1KBNR w KQkq - 0 9	E37	Nimzo-Indian classical, San Remo variation	16
rnbqk2r/pp1p1ppp/4pn2/2p5/1bPP4/2N5/PPQ1PPPP/R1B1KBNR w KQkq c6 0 5	E38	Nimzo-Indian classical, 4...c5	8
rnbq1rk1/pp1p1ppp/4pn2/2P5/1bP5/2N5/PPQ1PPPP/R1B1KBNR w KQ - 1 6	E39	Nimzo-Indian classical, Pirc variation	10
rnbqk2r/pppp1ppp/4pn2/8/1bPP4/2N1P3/PP3PPP/R1BQKBNR b KQkq - 0 4	E40	Nimzo-Indian 4.e3	7
r1bqk2r/pppp1ppp/2n1pn2/8/1bPP4/2N1P3/PP3PPP/R1BQKBNR w KQkq - 1 5	E40	Nimzo-Indian 4.e3, Taimanov variation	8
rnbqk2r/pp1p1ppp/4pn2/2p5/1bPP4/2N1P3/PP3PPP/R1BQKBNR w KQkq c6 0 5	E41	Nimzo-Indian 4.e3 c5	8
r1bqk2r/pp3ppp/2nppn2/2p5/2PP4/2PBPN2/P4PPP/R1BQK2R w KQkq - 0 8	E41	Nimzo-Indian e3, Huebner variation	14
rnbqk2r/pp1p1ppp/4pn2/2p5/1bPP4/2N1P3/PP2NPPP/R1BQKB1R b KQkq - 1 5	E42	Nimzo-Indian 4.e3 c5, 5.Ne2 (Rubinstein)	9
rnbqk2r/p1pp1ppp/1p2pn2/8/1bPP4/2N1P3/PP3PPP/R1BQKBNR w KQkq - 0 5	E43	Nimzo-Indian Fischer variation	8
rnbqk2r/p1pp1ppp/1p2pn2/8/1bPP4/2N1P3/PP2NPPP/R1BQKB1R b KQkq - 1 5	E44	Nimzo-Indian Fischer variation, 5.Ne2	9
rn1qk2r/p1pp1ppp/bp2pn2/8/1bPP4/2N1P3/PP2NPPP/R1BQKB1R w KQkq - 2 6	E45	Nimzo-Indian 4.e3, Bronstein (Byrne) variation	10
rnbq1rk1/pppp1ppp/4pn2/8/1bPP4/2N1P3/PP3PPP/R1BQKBNR w KQ - 1 5	E46	Nimzo-Indian 4.e3 O-O	8
rnbq1rk1/pppp1ppp/4pn2/8/1bPP4/2N1P3/PP2NPPP/R1BQKB1R b KQ - 2 5	E46	Nimzo-Indian Reshevsky variation	9
rnbq1rk1/ppp2ppp/3bpn2/3p4/2PP4/P1N1P3/1P2NPPP/R1BQKB1R w KQ - 1 7	E46	Nimzo-Indian Simagin variation	12
rnbq1rk1/pppp1ppp/4pn2/8/1bPP4/2NBP3/PP3PPP/R1BQK1NR b KQ - 2 5	E47	Nimzo-Indian 4.e3 O-O, 5.Bd3	9
rnbq1rk1/ppp2ppp/4pn2/3p4/1bPP4/2NBP3/PP3PPP/R1BQK1NR w KQ d6 0 6	E48	Nimzo-Indian 4.e3 O-O, 5.Bd3 d5	10
rnbq1rk1/ppp2ppp/4pn2/3p4/2PP4/P1PBP3/5PPP/R1BQK1NR b KQ - 0 7	E49	Nimzo-Indian 4.e3, Botvinnik system	13
rnbq1rk1/pppp1ppp/4pn2/8/1bPP4/2N1PN2/PP3PPP/R1BQKB1R b KQ - 2 5	E50	Nimzo-Indian 4.e3 e8g8, 5.Nf3, without ...d5	9
rnbq1rk1/ppp2ppp/4pn2/3p4/1bPP4/2N1PN2/PP3PPP/R1BQKB1R w KQ d6 0 6	E51	Nimzo-Indian 4.e3 e8g8, 5.Nf3 d7d5	10
r1bq1rk1/ppp2ppp/2n1pn2/8/1bpP4/2NBPN2/PP3PPP/R1BQ1RK1 w - - 0 8	E51	Nimzo-Indian 4.e3, Ragozin variation	14
rnbq1rk1/p1p2ppp/1p2pn2/3p4/1bPP4/2NBPN2/PP3PPP/R1BQK2R w KQ - 0 7	E52	Nimzo-Indian 4.e3, main line with ...b6	12
rnbq1rk1/pp3ppp/4pn2/2pp4/1bPP4/2NBPN2/PP3PPP/R1BQK2R w KQ c6 0 7	E53	Nimzo-Indian 4.e3, main line with ...c5	12
rnbq1rk1/p4ppp/1p2pn2/2pp4/1bPP4/2NBPN2/PP3PPP/R1BQ1RK1 w - - 0 8	E53	Nimzo-Indian 4.e3, Keres variation	14
r1bq1rk1/pp1n1ppp/4pn2/2pp4/1bPP4/2NBPN2/PP3PPP/R1BQ1RK1 w - - 2 8	E53	Nimzo-Indian 4.e3, Gligoric system with 7...Nbd7	14
rnbq1rk1/pp3ppp/4pn2/2p5/1bBP4/2N1PN2/PP3PPP/R1BQ1RK1 b - - 0 8	E54	Nimzo-Indian 4.e3, Gligoric system with 7...dc	15
rnb2rk1/pp2qppp/4pn2/2p5/1bBP4/2N1PN2/PP3PPP/R1BQ1RK1 w - - 1 9	E54	Nimzo-Indian 4.e3, Gligoric system, Smyslov variation	16
r1bq1rk1/pp1n1ppp/4pn2/2p5/1bBP4/2N1PN2/PP3PPP/R1BQ1RK1 w - - 1 9	E55	Nimzo-Indian 4.e3, Gligoric system, Bronstein variation	16
r1bq1rk1/pp3ppp/2n1pn2/2pp4/1bPP4/2NBPN2/PP3PPP/R1BQ1RK1 w - - 2 8	E56	Nimzo-Indian 4.e3, main line with 7...Nc6	14
rnbqkb1r/p1pppp1p/5np1/1p1P4/2P5/8/PP2PPPP/RNBQKBNR w KQkq b6 0 4	E60	King's Indian Danube gambit	6
rnbqk2r/ppp1ppbp/5np1/3p4/2PP4/6P1/PP2PPBP/RNBQK1NR w KQkq d6 0 5	E60	King's Indian 3.g3, counterthrust variation	8
rnbqk2r/ppp1ppbp/3p1np1/6B1/2PP4/2N2N2/PP2PPPP/R2QKB1R b KQkq - 1 5	E61	King's Indian Smyslov system	9
rnbqk2r/ppp1ppbp/3p1np1/8/2PP4/2N2NP1/PP2PP1P/R1BQKB1R b KQkq - 0 5	E62	King's Indian fianchetto variation	9
rn1q1rk1/pp2ppbp/2pp1np1/5b2/2PP4/2N2NP1/PP2PPBP/R1BQ1RK1 w - - 2 8	E62	King's Indian fianchetto, Larsen system	14
rnb2rk1/pp2ppbp/2pp1np1/q7/2PP4/2N2NP1/PP2PPBP/R1BQ1RK1 w - - 2 8	E62	King's Indian fianchetto, Kavalek (Bronstein) variation	14
r1bq1rk1/ppp1ppbp/2np1np1/8/2PP4/2N2NP1/PP2PPBP/R1BQK2R w KQ - 3 7	E62	King's Indian fianchetto with ...Nc6	12
r1bq1rk1/ppp2pbp/2np1np1/4p3/2PP4/2N2NP1/PP2PPBP/R1BQ1RK1 w - e6 0 8	E62	King's Indian fianchetto, Uhlmann (Szabo) variation	14
r2q1rk1/ppp1ppbp/2np1np1/5b2/2PP4/2N2NP1/PP2PPBP/R1BQ1RK1 w - - 5 8	E62	King's Indian fianchetto, lesser Simagin (Spassky) variation	14
r2q1rk1/ppp1ppbp/2np1np1/8/2PP2b1/2N2NP1/PP2PPBP/R1BQ1RK1 w - - 5 8	E62	King's Indian fianchetto, Simagin variation	14
r1bq1rk1/1pp1ppbp/p1np1np1/8/2PP4/2N2NP1/PP2PPBP/R1BQ1RK1 w - - 0 8	E63	King's Indian fianchetto, Panno variation	14
rnbq1rk1/pp2ppbp/3p1np1/2p5/2PP4/2N2NP1/PP2PPBP/R1BQK2R w KQ c6 0 7	E64	King's Indian fianchetto, Yugoslav system	12
rnbq1rk1/pp2ppbp/3p1np1/2p5/2PP4/2N2NP1/PP2PPBP/R1BQ1RK1 b - - 1 7	E65	King's Indian fianchetto, Yugoslav, 7.O-O	13
r1bq1rk1/pp2ppbp/2np1np1/2pP4/2P5/2N2NP1/PP2PPBP/R1BQ1RK1 b - - 0 8	E66	King's Indian fianchetto, Yugoslav Panno	15
r1bq1rk1/pppnppbp/3p1np1/8/2PP4/2N2NP1/PP2PPBP/R1BQK2R w KQ - 3 7	E67	King's Indian fianchetto with ...Nd7	12
r1bq1rk1/pppn1pbp/3p1np1/4p3/2PP4/2N2NP1/PP2PPBP/R1BQ1RK1 w - e6 0 8	E67	King's Indian fianchetto, classical variation	14
r1bq1rk1/pppn1pbp/3p1np1/4p3/2PPP3/2N2NP1/PP3PBP/R1BQ1RK1 b - e3 0 8	E68	King's Indian fianchetto, classical variation, 8.e4	15
rnbqk2r/ppppppbp/5np1/8/2PPP3/2N5/PP3PPP/R1BQKBNR b KQkq e3 0 4	E70	King's Indian 4.e4	7
rnbqk2r/ppp1ppbp/3p1np1/8/2PPP3/2N5/PP2NPPP/R1BQKB1R b KQkq - 1 5	E70	King's Indian Kramer system	9
rnbqk2r/ppp1ppbp/3p1np1/6B1/2PPP3/2N5/PP3PPP/R2QKBNR b KQkq - 1 5	E70	King's Indian accelerated Averbakh system	9
rnbqk2r/ppp1ppbp/3p1np1/8/2PPP3/2N4P/PP3PP1/R1BQKBNR b KQkq - 0 5	E71	King's Indian Makagonov system (5.h3)	9
rnbqk2r/ppp1ppbp/3p1np1/8/2PPP3/2N3P1/PP3P1P/R1BQKBNR b KQkq - 0 5	E72	King's Indian with e4 & g3	9
rnbq1rk1/ppp2pbp/3p1np1/4p3/2PPP3/2N3P1/PP2NPBP/R1BQK2R b KQ - 1 7	E72	King's Indian Pomar system	13
rnbqk2r/ppp1ppbp/3p1np1/8/2PPP3/2N5/PP2BPPP/R1BQK1NR b KQkq - 1 5	E73	King's Indian 5.Be2	9
rnbq1rk1/ppp1ppbp/3p1np1/8/2PPP3/2N1B3/PP2BPPP/R2QK1NR b KQ - 3 6	E73	King's Indian Semi-Averbakh system	11
rnbq1rk1/ppp1ppbp/3p1np1/6B1/2PPP3/2N5/PP2BPPP/R2QK1NR b KQ - 3 6	E73	King's Indian Averbakh system	11
rnbq1rk1/pp2ppbp/3p1np1/2p3B1/2PPP3/2N5/PP2BPPP/R2QK1NR w KQ c6 0 7	E74	King's Indian Averbakh, 6...c5	12
rnbq1rk1/pp3pbp/3ppnp1/2pP2B1/2P1P3/2N5/PP2BPPP/R2QK1NR w KQ - 0 8	E75	King's Indian Averbakh, main line	14
rnbqk2r/ppp1ppbp/3p1np1/8/2PPPP2/2N5/PP4PP/R1BQKBNR b KQkq f3 0 5	E76	King's Indian Four pawns attack	9
rnbq1rk1/pp2ppbp/3p1np1/2pP4/2P1PP2/2N2N2/PP4PP/R1BQKB1R b KQ - 0 7	E76	King's Indian Four pawns attack, dynamic line	13
rnbq1rk1/ppp1ppbp/3p1np1/8/2PPPP2/2N5/PP2B1PP/R1BQK1NR b KQ - 2 6	E77	King's Indian Four pawns attack, 6.Be2	11
rnbq1rk1/pp3pbp/3ppnp1/2pP4/2P1PP2/2N2N2/PP2B1PP/R1BQK2R b KQ - 1 8	E77	King's Indian Four pawns attack	15
rnbq1rk1/pp2ppbp/3p1np1/2p5/2PPPP2/2N2N2/PP2B1PP/R1BQK2R b KQ - 1 7	E78	King's Indian Four pawns attack, with Be2 and Nf3	13
rnbqk2r/ppp1ppbp/3p1np1/8/2PPP3/2N2P2/PP4PP/R1BQKBNR b KQkq - 0 5	E80	King's Indian Saemisch variation	9
rnbq1rk1/ppp1ppbp/3p1np1/8/2PPP3/2N2P2/PP4PP/R1BQKBNR w KQ - 1 6	E81	King's Indian Saemisch, 5...O-O	10
rnbq1rk1/1p2ppbp/p1pp1np1/8/2PPP3/2NBBP2/PP4PP/R2QK1NR w KQ - 0 8	E81	King's Indian Saemisch, Byrne variation	14
rnbq1rk1/p1p1ppbp/1p1p1np1/8/2PPP3/2N1BP2/PP4PP/R2QKBNR w KQ - 0 7	E82	King's Indian Saemisch, double fianchetto variation	12
r1bq1rk1/ppp1ppbp/2np1np1/8/2PPP3/2N1BP2/PP4PP/R2QKBNR w KQ - 3 7	E83	King's Indian Saemisch, 6...Nc6	12
1rbq1rk1/ppp1ppbp/2np1np1/8/2PPP3/2N1BP2/PP2N1PP/R2QKB1R w KQ - 5 8	E83	King's Indian Saemisch, Ruban variation	14
r1bq1rk1/1pp1ppbp/p1np1np1/8/2PPP3/2N1BP2/PP2N1PP/R2QKB1R w KQ - 0 8	E83	King's Indian Saemisch, Panno formation	14
1rbq1rk1/1pp1ppbp/p1np1np1/8/2PPP3/2N1BP2/PP1QN1PP/R3KB1R w KQ - 2 9	E84	King's Indian Saemisch, Panno main line	16
rnbq1rk1/ppp2pbp/3p1np1/4p3/2PPP3/2N1BP2/PP4PP/R2QKBNR w KQ e6 0 7	E85	King's Indian Saemisch, orthodox variation	12
rnbq1rk1/pp3pbp/2pp1np1/4p3/2PPP3/2N1BP2/PP2N1PP/R2QKB1R w KQ - 0 8	E86	King's Indian Saemisch, orthodox, 7.Nge2 c6	14
rnbq1rk1/ppp2pbp/3p1np1/3Pp3/2P1P3/2N1BP2/PP4PP/R2QKBNR b KQ - 0 7	E87	King's Indian Saemisch, orthodox, 7.d5	13
rnbq1rk1/pp3pbp/2pp1np1/3Pp3/2P1P3/2N1BP2/PP4PP/R2QKBNR w KQ - 0 8	E88	King's Indian Saemisch, orthodox, 7.d5 c6	14
rnbq1rk1/pp3pbp/3p1np1/3pp3/2P1P3/2N1BP2/PP2N1PP/R2QKB1R w KQ - 0 9	E89	King's Indian Saemisch, orthodox main line	16
rnbqk2r/ppp1ppbp/3p1np1/8/2PPP3/2N2N2/PP3PPP/R1BQKB1R b KQkq - 1 5	E90	King's Indian 5.Nf3	9
rnbq1rk1/ppp1ppbp/3p1np1/8/2PPP3/2N1BN2/PP3PPP/R2QKB1R b KQ - 3 6	E90	King's Indian Larsen variation	11
rnbq1rk1/ppp1ppbp/3p1np1/6B1/2PPP3/2N2N2/PP3PPP/R2QKB1R b KQ - 3 6	E90	King's Indian Zinnowitz variation	11
rnbq1rk1/ppp1ppbp/3p1np1/8/2PPP3/2N2N2/PP2BPPP/R1BQK2R b KQ - 3 6	E91	King's Indian 6.Be2	11
r1bq1rk1/ppp1ppbp/n2p1np1/8/2PPP3/2N2N2/PP2BPPP/R1BQK2R w KQ - 4 7	E91	King's Indian Kazakh variation	12
rnbq1rk1/ppp2pbp/3p1np1/4p3/2PPP3/2N2N2/PP2BPPP/R1BQK2R w KQ e6 0 7	E92	King's Indian classical variation	12
rnbq1rk1/ppp2pbp/3p1np1/4P3/2P1P3/2N2N2/PP2BPPP/R1BQK2R b KQ - 0 7	E92	King's Indian Andersson variation	13
rnbq1rk1/ppp2pbp/3p1np1/4p3/2PPP3/2N1BN2/PP2BPPP/R2QK2R b KQ - 1 7	E92	King's Indian Gligoric-Taimanov system	13
rnbq1rk1/ppp2pbp/3p1np1/3Pp3/2P1P3/2N2N2/PP2BPPP/R1BQK2R b KQ - 0 7	E92	King's Indian Petrosian system	13
rnbq1rk1/1pp2pbp/3p1np1/p2Pp3/2P1P3/2N2N2/PP2BPPP/R1BQK2R w KQ a6 0 8	E92	King's Indian Petrosian system, Stein variation	14
r1bq1rk1/pppn1pbp/3p1np1/3Pp3/2P1P3/2N2N2/PP2BPPP/R1BQK2R w KQ - 1 8	E93	King's Indian Petrosian system, main line	14
rnbq1rk1/ppp2pbp/3p1np1/4p3/2PPP3/2N2N2/PP2BPPP/R1BQ1RK1 b - - 1 7	E94	King's Indian orthodox variation	13
rnbq1rk1/pp3pbp/2pp1np1/4p3/2PPP3/2N2N2/PP2BPPP/R1BQ1RK1 w - - 0 8	E94	King's Indian orthodox, Donner variation	14
r1bq1rk1/pppn1pbp/3p1np1/4p3/2PPP3/2N2N2/PP2BPPP/R1BQ1RK1 w - - 2 8	E94	King's Indian orthodox, 7...Nbd7	14
r1bq1rk1/pppn1pbp/3p1np1/4p3/2PPP3/2N2N2/PP2BPPP/R1BQR1K1 b - - 3 8	E95	King's Indian orthodox, 7...Nbd7, 8.Re1	15
r1bq1rk1/ppp2pbp/2np1np1/4p3/2PPP3/2N2N2/PP2BPPP/R1BQ1RK1 w - - 2 8	E97	King's Indian orthodox, Aronin-Taimanov variation (Yugoslav attack / Mar del Plata variation)	14
